track,strategy,model,feature_count,n_cores,n_rows,background_size,repeats,mean_time_sec,std_time_sec,median_time_sec,min_time_sec,max_time_sec,mean_energy_joules,std_energy_joules,median_energy_joules,serial_time_sec,serial_energy_joules,speedup_vs_serial,parallel_efficiency,energy_per_second
kernelshap,joblib,LogisticRegression,15,1,100,25,3,8.367929266688103,5.978555723631564,6.022432700032368,3.917767899984028,15.163587200047914,122.26982066667614,59.85539429756882,88.51564899927666,8.63882583331239,128.90070900080445,1.0323731903067943,1.0323731903067943,14.611717758349151
kernelshap,joblib,LogisticRegression,15,1,100,50,3,6.051062433359523,1.8305233902293432,5.0050260000280105,4.983429300016724,8.164732000033837,124.5405753343587,20.593891139087777,114.08294400211405,6.3668142333432725,131.63084233401707,1.0521812166807285,1.0521812166807285,20.581604752211145
kernelshap,joblib,LogisticRegression,15,1,100,100,3,12.29313030000776,10.273358645100766,6.381446100014728,6.342183400003705,24.15576140000485,204.76147800020104,108.09311724925162,143.8599180000444,12.27457896664661,201.54536866905937,0.9984909186750311,0.9984909186750311,16.656577535834934
kernelshap,joblib,LogisticRegression,15,2,100,25,3,10.194296833321763,7.518676532383505,6.088092899997719,5.622837400005665,18.871960199961904,178.31635733337598,53.10679649250879,153.81445999943372,8.63882583331239,128.90070900080445,0.8474175290908682,0.4237087645454341,17.49177606350633
kernelshap,joblib,LogisticRegression,15,2,100,50,3,6.12266043331086,0.32712894714656887,5.956821399973705,5.91166429995792,6.499495600000955,145.12320466711913,15.215995006672998,137.0440649986482,6.3668142333432725,131.63084233401707,1.0398770767531174,0.5199385383765587,23.702638133835393
kernelshap,joblib,LogisticRegression,15,2,100,100,3,11.54279556668674,8.06445173420659,6.940110000025015,6.833657200040761,20.85461949999444,214.6316083340538,100.3032302614817,157.61289399878197,12.27457896664661,201.54536866905937,1.0633974149270948,0.5316987074635474,18.59442169741744
kernelshap,joblib,LogisticRegression,15,4,100,25,3,9.013963233330287,5.946756470586933,6.341008900024463,4.872722000000067,15.828158799966332,172.55239933268925,33.79919849026441,165.29839699919793,8.63882583331239,128.90070900080445,0.9583826347737056,0.2395956586934264,19.142789344275844
kernelshap,joblib,LogisticRegression,15,4,100,50,3,6.465426999997969,0.6556358156021607,6.738539199985098,5.717384500021581,6.940357299987227,164.56691366531217,14.57921802182815,157.63154900012566,6.3668142333432725,131.63084233401707,0.9847476792090101,0.24618691980225252,25.45337124142982
kernelshap,joblib,LogisticRegression,15,4,100,100,3,9.713139433336133,3.5864821188318174,7.679149800038431,7.606031399976928,13.854237099993044,218.56426333272114,80.59149656899051,173.00992399835735,12.27457896664661,201.54536866905937,1.2637087165164589,0.3159271791291147,22.50191761713975
kernelshap,joblib,LogisticRegression,15,8,100,25,3,10.53408636666912,5.565124982205242,8.83026910002809,6.02004949998809,16.75194049999118,224.74511199982518,24.41399646575502,216.6129940025428,8.63882583331239,128.90070900080445,0.820083064882255,0.10251038311028188,21.33503601327408
kernelshap,joblib,LogisticRegression,15,8,100,50,3,8.403526433336083,1.6882859078023775,9.164808299974538,6.468650399998296,9.577120600035414,221.43552599966367,12.399479562329246,216.42538299954103,6.3668142333432725,131.63084233401707,0.7576360095788662,0.09470450119735828,26.350309927180994
kernelshap,joblib,LogisticRegression,15,8,100,100,3,11.731748700006088,3.179690707924742,9.910698499996217,9.881247700017411,15.40329990000464,253.8205086664358,48.25476221404921,226.41318900059605,12.27457896664661,201.54536866905937,1.0462701921530453,0.13078377401913066,21.63535165616905
kernelshap,joblib,LogisticRegression,30,1,100,25,3,11.744378799999444,7.813215256978702,9.43686010001693,5.344804399996065,20.451471899985336,172.18378066738288,74.34123051241866,142.30245600078825,11.51385836668002,169.8664703336281,0.9803718496103485,0.9803718496103485,14.660952579917724
kernelshap,joblib,LogisticRegression,30,1,100,50,3,8.159826333304713,2.8747858491773264,6.578970499977004,6.42239649995463,11.478111999982502,162.78161966650634,31.640474434208972,147.4005300015291,8.370689766656142,180.94959233325855,1.025841657008162,1.025841657008162,19.949152471800232
kernelshap,joblib,LogisticRegression,30,1,100,100,3,17.54502869998881,14.396656670464138,9.23787449998781,9.228356599982362,34.168854999996256,277.2220370012346,134.8925664887523,200.0719990019717,10.566299700003583,204.0816880005847,0.6022389521659958,0.6022389521659958,15.800603221664232
kernelshap,joblib,LogisticRegression,30,2,100,25,3,12.2960178333063,8.4800751829003,7.704013999958988,7.102239999978337,22.08179949998157,208.95206200108734,64.18742840001087,185.84040399916708,11.51385836668002,169.8664703336281,0.9363892052508546,0.4681946026254273,16.993474215294125
kernelshap,joblib,LogisticRegression,30,2,100,50,3,8.359503300006812,0.6483586878943468,8.222504400007892,7.790592000004835,9.065413500007708,195.3819496672435,22.26054938816226,182.8582360006104,8.370689766656142,180.94959233325855,1.0013381736028886,0.5006690868014443,23.372435257856083
kernelshap,joblib,LogisticRegression,30,2,100,100,3,16.65070036664838,11.106210442138591,10.433950599981472,10.045068499981426,29.47308199998224,277.5895696665198,86.16508634843402,233.14486300022307,10.566299700003583,204.0816880005847,0.6345859013334989,0.31729295066674945,16.671344961713213
kernelshap,joblib,LogisticRegression,30,4,100,25,3,10.118741933333999,6.1915800591628,6.917402399994899,6.183236800017767,17.25558659998933,189.1676653330086,36.933838365642295,184.6415620003379,11.51385836668002,169.8664703336281,1.1378744949261048,0.2844686237315262,18.694781088332416
kernelshap,joblib,LogisticRegression,30,4,100,50,3,7.310028733336367,0.7648310495141712,7.52473150001606,6.46079219999956,7.944562499993481,185.8922056664103,20.237720267187893,175.10429800008387,8.370689766656142,180.94959233325855,1.1450966982500053,0.2862741745625013,25.429750339923398
kernelshap,joblib,LogisticRegression,30,4,100,100,3,13.174088833349137,6.919190597330917,9.20353509997949,9.155098400020506,21.16363300004741,227.09264900059313,44.2315450507371,202.4784090017384,10.566299700003583,204.0816880005847,0.8020516510603642,0.20051291276509106,17.23782584687956
kernelshap,joblib,LogisticRegression,30,8,100,25,3,11.352601233326519,5.647217677664376,9.674227999988943,6.734832199988887,17.64874350000173,243.02810133320986,23.155533092954432,245.9761610010568,11.51385836668002,169.8664703336281,1.0142044215276511,0.1267755526909564,21.407261326133817
kernelshap,joblib,LogisticRegression,30,8,100,50,3,9.364594266652906,1.7104854838378598,9.940882799972314,7.44039399997564,10.712506000010762,248.75713833343445,28.306522450505422,238.54384999969503,8.370689766656142,180.94959233325855,0.89386571679501,0.11173321459937625,26.56357886419624
kernelshap,joblib,LogisticRegression,30,8,100,100,3,14.528211666678544,4.70085067013109,11.858421800017824,11.770165900001302,19.956047300016508,271.18473900134,24.530688517099488,257.5655050020109,10.566299700003583,204.0816880005847,0.727295275043254,0.09091190938040675,18.666078470161672
kernelshap,joblib,SVM-RBF,15,1,100,25,3,91.15773803331346,74.31191995649175,53.40272100002039,43.30309189995751,176.76740119996248,1401.605219333426,696.564496261127,1018.1456830009598,101.59128466667607,1535.8600576653625,1.1144559623621824,1.1144559623621824,15.375603317638394
kernelshap,joblib,SVM-RBF,15,1,100,50,3,97.68998383334838,25.440932468728374,83.63091130001703,82.3812590999878,127.0577811000403,1960.8357926668243,122.21529467451329,1905.9216709995108,102.98085980000906,1978.0055066658442,1.054159861216545,1.054159861216545,20.072024947940005
kernelshap,joblib,SVM-RBF,15,1,100,100,3,198.28556073332825,61.18364119459739,163.41951069998322,162.5048012000043,268.9323702999973,3959.607171999693,452.2324405634329,3702.088272999182,203.61220633335566,3851.4972386653576,1.02686350725856,1.02686350725856,19.969215899310583
kernelshap,joblib,SVM-RBF,15,2,100,25,3,64.48503893334419,49.10486540825611,43.01386250002543,29.77253319998272,120.6687211000244,982.603990666143,461.3631556800105,753.9936840016879,101.59128466667607,1535.8600576653625,1.5754241037473398,0.7877120518736699,15.237704852467013
kernelshap,joblib,SVM-RBF,15,2,100,50,3,66.46552920001947,20.778866264227013,55.69698990002507,53.28127159998985,90.41832610004349,1392.6253676672004,221.89362124603687,1309.5519350008856,102.98085980000906,1978.0055066658442,1.5493874951345288,0.7746937475672644,20.952595795578084
kernelshap,joblib,SVM-RBF,15,2,100,100,3,136.90160699999737,43.28144958424062,112.2339991000481,111.59346999996342,186.87735189998057,2859.4432516667657,658.4696213370489,2483.4273910007696,203.61220633335566,3851.4972386653576,1.4872886505514837,0.7436443252757419,20.886849426587233
kernelshap,joblib,SVM-RBF,15,4,100,25,3,39.490379266634896,26.098999855148822,24.433266799955163,24.41096529999049,69.62690569995902,717.5439846659215,166.52991405301466,716.1664680009018,101.59128466667607,1535.8600576653625,2.572557836954221,0.6431394592385552,18.17009605861569
kernelshap,joblib,SVM-RBF,15,4,100,50,3,45.911966533322506,6.7021797663605085,43.36322419997305,40.85805609996896,53.51461930002552,1110.4057459999387,246.05624100984892,972.1708489984716,102.98085980000906,1978.0055066658442,2.243006945155931,0.5607517362889828,24.185540935041757
kernelshap,joblib,SVM-RBF,15,4,100,100,3,81.90474149999984,2.5439445890633583,82.05530219996581,79.28886030003196,84.37006200000178,2076.1696913328965,336.26530313438604,1925.047168997529,203.61220633335566,3851.4972386653576,2.485963603625512,0.621490900906378,25.3485897557335
kernelshap,joblib,SVM-RBF,15,8,100,25,3,31.752825666665256,17.311075287989915,25.47155010001734,18.459276199981105,51.32765069999732,649.8404879998568,58.05388717934837,657.4426770006246,101.59128466667607,1535.8600576653625,3.1994407594826626,0.3999300949353328,20.46559556058887
kernelshap,joblib,SVM-RBF,15,8,100,50,3,38.020579033356626,6.769340686420367,41.21004070003983,30.245680399995763,42.60601600003429,1008.9920526670008,77.80947377440982,967.6179359999092,102.98085980000906,1978.0055066658442,2.70855579841803,0.33856947480225374,26.538050664135888
kernelshap,joblib,SVM-RBF,15,8,100,100,3,66.97265196667286,8.98205712270292,69.76036969997222,56.92727169999853,74.23031450004783,1766.5781599994127,95.37802843294338,1740.184170002057,203.61220633335566,3851.4972386653576,3.0402291137385125,0.38002863921731406,26.37760500925815
kernelshap,joblib,SVM-RBF,30,1,100,25,3,66.89520816667937,10.197314771466793,71.36022010003217,55.22697329998482,74.09843110002112,1099.762280000475,149.9283567086726,1077.432932999555,122.77444749998783,1791.3019893334895,1.8353249935941154,1.8353249935941154,16.440075606914228
kernelshap,joblib,SVM-RBF,30,1,100,50,3,135.73973103331323,52.95001934201932,105.39367989997844,104.94491530000232,196.88059789995896,3333.740607333942,1486.1471127306968,2519.5493589999064,128.50357733331234,2583.1674539993855,0.9466909677445507,0.9466909677445507,24.559799713436707
kernelshap,joblib,SVM-RBF,30,1,100,100,3,254.41566463332856,85.55225397717851,205.6098181999987,204.4365996000124,353.20057609997457,5269.286041666691,855.3682248688087,4811.046468999191,251.37101646667966,4882.159815333384,0.9880327802494515,0.9880327802494515,20.711327068877395
kernelshap,joblib,SVM-RBF,30,2,100,25,3,43.63671313330997,7.485194703146493,40.11976019997383,38.55768849997549,52.232690699980594,884.4880550005961,28.053131075307476,885.0023980001009,122.77444749998783,1791.3019893334895,2.813558553892738,1.406779276946369,20.269355583645563
kernelshap,joblib,SVM-RBF,30,2,100,50,3,87.41754619998392,30.648470376692075,71.86760349996621,67.66111370001454,122.723921399971,1945.9226479989502,585.1116722628841,1611.0525270015107,128.50357733331234,2583.1674539993855,1.4699975338971019,0.7349987669485509,22.260092310842147
kernelshap,joblib,SVM-RBF,30,2,100,100,3,166.12663576668515,59.01989484648766,139.9638125000056,124.71054290002212,233.70555190002776,3524.5744969986863,698.0562944685679,3230.442467999317,251.37101646667966,4882.159815333384,1.513128917025173,0.7565644585125865,21.216191375528357
kernelshap,joblib,SVM-RBF,30,4,100,25,3,28.63975729997037,2.0019732611034615,29.45346689998405,26.35905499994988,30.106749999977183,753.0257283333331,102.01592809192927,717.2547980014987,122.77444749998783,1791.3019893334895,4.286853628473829,1.0717134071184573,26.293020588345282
kernelshap,joblib,SVM-RBF,30,4,100,50,3,53.881502499978524,6.015051933444623,52.92695509997429,48.40080010000384,60.31675229995744,1392.5997626664494,302.81056460365255,1238.292091997606,128.50357733331234,2583.1674539993855,2.3849293611172695,0.5962323402793174,25.845600030678515
kernelshap,joblib,SVM-RBF,30,4,100,100,3,106.90547859998576,13.094804192626267,100.81621249997988,97.96409789996687,121.9361254000105,2698.230581333899,603.7023975700478,2361.239059001924,251.37101646667966,4882.159815333384,2.3513389562311278,0.5878347390577819,25.23940416028649
kernelshap,joblib,SVM-RBF,30,8,100,25,3,29.41260299998491,7.737433637615657,31.10845370002789,20.967905499972403,36.161449799954426,745.5189480004242,24.85450402767577,759.4679170000261,122.77444749998783,1791.3019893334895,4.174212241604418,0.5217765302005523,25.346921794062453
kernelshap,joblib,SVM-RBF,30,8,100,50,3,46.38162966668218,3.3238942213675315,48.154088800016325,42.547169400029816,48.44363080000039,1237.709729334921,108.4790795091964,1175.6843050020173,128.50357733331234,2583.1674539993855,2.7705705525397204,0.34632131906746505,26.68534370675678
kernelshap,joblib,SVM-RBF,30,8,100,100,3,89.5149482000076,11.245680276151873,91.73290289996658,77.32554520003032,99.48639650002588,2321.5472093330054,216.8609426019317,2232.1466749980814,251.37101646667966,4882.159815333384,2.808145695454453,0.3510182119318066,25.93474336985438
kernelshap,multiprocessing,LogisticRegression,15,1,100,25,3,12.7191766333223,9.77268426501514,8.099229499988724,6.113017399969976,23.945283000008203,200.24685933369423,87.15049233213199,152.47880700061944,8.63882583331239,128.90070900080445,0.6791969387924047,0.6791969387924047,15.743696711395456
kernelshap,multiprocessing,LogisticRegression,15,1,100,50,3,8.20681550000639,1.6962604567998507,7.237602500012144,7.217390400008298,10.165453599998727,181.89053399967068,18.402175043504112,175.14610700214428,6.3668142333432725,131.63084233401707,0.7757959507361064,0.7757959507361064,22.163351180434
kernelshap,multiprocessing,LogisticRegression,15,1,100,100,3,15.095212800020818,10.970837419845173,8.780144800024573,8.742267800029367,27.763225800008517,256.6194723321841,98.7581003642011,201.07979300172383,12.27457896664661,201.54536866905937,0.8131438177956446,0.8131438177956446,17.00005662270824
kernelshap,multiprocessing,LogisticRegression,15,2,100,25,3,10.306520300005408,8.238750943482456,5.752745100005996,5.34984959999565,19.816966200014576,175.83811166644037,65.78135920409495,144.78714599965025,8.63882583331239,128.90070900080445,0.83819034764894,0.41909517382447,17.060861139171102
kernelshap,multiprocessing,LogisticRegression,15,2,100,50,3,6.672124499978963,0.929345256071743,6.227206199953798,6.0488777999999,7.740289499983191,164.36666133287926,36.35106428158292,144.2061809988182,6.3668142333432725,131.63084233401707,0.9542409218178328,0.4771204609089164,24.63483127951187
kernelshap,multiprocessing,LogisticRegression,15,2,100,100,3,11.20215376666359,6.6232819332872435,7.434819700021762,7.3218586999573745,18.849782900011636,204.4025826653917,69.23446163195023,166.18300399834362,12.27457896664661,201.54536866905937,1.0957338403240315,0.5478669201620158,18.246721739677586
kernelshap,multiprocessing,LogisticRegression,15,4,100,25,3,9.208825066666273,6.030945007354627,6.248325900000054,5.230239500000607,16.14790979999816,177.50462266634682,32.394138132785116,168.57388499817438,8.63882583331239,128.90070900080445,0.9381029361262228,0.2345257340315557,19.275490779911845
kernelshap,multiprocessing,LogisticRegression,15,4,100,50,3,7.1939239000009065,0.464625155696192,7.112762400007341,6.77522680000402,7.693782499991357,202.66364166687393,58.79595016083418,176.1920380000559,6.3668142333432725,131.63084233401707,0.8850266310632602,0.22125665776581505,28.17150201809174
kernelshap,multiprocessing,LogisticRegression,15,4,100,100,3,9.88548520001738,3.553818797094079,7.866050900018308,7.801492300000973,13.98891240003286,194.88191966647582,38.28316521322112,175.62832399947715,12.27457896664661,201.54536866905937,1.2416769352530141,0.31041923381325354,19.713945822925638
kernelshap,multiprocessing,LogisticRegression,15,8,100,25,3,10.789547599987904,5.7282575752452445,8.67588870000327,6.418461299967021,17.274292799993418,232.4801826662795,26.138332056782403,231.5342279979912,8.63882583331239,128.90070900080445,0.8006661774514138,0.10008327218142672,21.546796148018302
kernelshap,multiprocessing,LogisticRegression,15,8,100,50,3,9.527486233331729,0.2542559157496739,9.485692799964454,9.296716400014702,9.80004950001603,238.07948100069976,33.40249446983745,218.91109800252215,6.3668142333432725,131.63084233401707,0.6682575106819986,0.08353218883524982,24.988698505570465
kernelshap,multiprocessing,LogisticRegression,15,8,100,100,3,12.243378300006347,2.852986635329976,10.821936299966184,10.38035500003025,15.527843600022608,263.202925335218,42.57092089944797,240.2280060029016,12.27457896664661,201.54536866905937,1.0025483707091079,0.12531854633863848,21.497573536144152
kernelshap,multiprocessing,LogisticRegression,30,1,100,25,3,15.403823599995425,11.743815663582007,9.670882900012655,7.627585199952591,28.913002700021025,237.07079966625022,110.63221120429465,179.16603900072215,11.51385836668002,169.8664703336281,0.7474675551778871,0.7474675551778871,15.390386557420758
kernelshap,multiprocessing,LogisticRegression,30,1,100,50,3,10.207576866649712,2.3510788113159853,8.932443699974101,8.769547600008082,12.920739299966954,228.25490799815023,55.252980940397535,196.5285989970089,8.370689766656142,180.94959233325855,0.8200467041306283,0.8200467041306283,22.36132149481105
kernelshap,multiprocessing,LogisticRegression,30,1,100,100,3,18.726238700017955,12.64325045370899,11.460297400015406,11.393063499999698,33.32535520003876,328.58251499882084,134.23828093703713,253.76504399901023,10.566299700003583,204.0816880005847,0.5642510420415314,0.5642510420415314,17.546637115039328
kernelshap,multiprocessing,LogisticRegression,30,2,100,25,3,12.226878133330805,9.446164463076101,6.814578299992718,6.731791500002146,23.13426459999755,204.45594966489043,79.41970648264885,169.41650399753678,11.51385836668002,169.8664703336281,0.9416842337941462,0.4708421168970731,16.72184407461606
kernelshap,multiprocessing,LogisticRegression,30,2,100,50,3,7.859756966664766,0.8784650545438513,7.408384799957275,7.298742200015113,8.87214390002191,192.25229033433683,49.08898872926699,164.60703200054104,8.370689766656142,180.94959233325855,1.0650061830357316,0.5325030915178658,24.460335243154187
kernelshap,multiprocessing,LogisticRegression,30,2,100,100,3,14.052309133325858,8.016472906372595,9.435063499957325,9.412937999994028,23.308925900026225,249.18173633264874,70.82794258956865,208.73825999819795,10.566299700003583,204.0816880005847,0.7519262207906454,0.3759631103953227,17.732440552542354
kernelshap,multiprocessing,LogisticRegression,30,4,100,25,3,10.268378533345336,6.47557478362396,7.518507700006012,5.621542900044005,17.665084999985993,192.85319066813665,34.257058957557696,182.54378800190847,11.51385836668002,169.8664703336281,1.121292746395172,0.280323186598793,18.78127009457909
kernelshap,multiprocessing,LogisticRegression,30,4,100,50,3,7.718558499997016,0.5304856142510028,7.942950299999211,7.112752199987881,8.099973000003956,199.65156199999583,39.04042314222501,178.38734900094133,8.370689766656142,180.94959233325855,1.0844887379760584,0.2711221844940146,25.86643114774255
kernelshap,multiprocessing,LogisticRegression,30,4,100,100,3,11.410161066664537,3.718989482112317,9.437447500007693,9.093158399977256,15.699877300008666,220.96596833414696,26.829318378419345,207.70235900221533,10.566299700003583,204.0816880005847,0.9260429925808545,0.23151074814521364,19.365718594430025
kernelshap,multiprocessing,LogisticRegression,30,8,100,25,3,11.602673333332254,5.817490292281229,10.272423300019,6.565516399976332,17.970080300001428,243.73684233414338,25.056989191988816,232.93802600165077,11.51385836668002,169.8664703336281,0.9923453014576318,0.12404316268220397,21.0069554948112
kernelshap,multiprocessing,LogisticRegression,30,8,100,50,3,10.71412283333484,0.6588575752004129,10.966112099995373,9.966461600037292,11.20979479997186,259.58559666630214,24.40621891236325,248.8118780011539,8.370689766656142,180.94959233325855,0.7812762553563808,0.0976595319195476,24.22835734705726
kernelshap,multiprocessing,LogisticRegression,30,8,100,100,3,13.30282766664944,2.6969493375759988,12.02120819996344,11.485665799991692,16.401608999993186,271.6384419988282,16.18496889516029,264.68398199916976,10.566299700003583,204.0816880005847,0.7942897528841625,0.09928621911052031,20.41960166708266
kernelshap,multiprocessing,SVM-RBF,15,1,100,25,3,94.92733383333932,78.24398948295847,54.8538230000413,44.83772339997813,185.0904550999985,1521.8070460014605,691.0619003808167,1241.168581999429,101.59128466667607,1535.8600576653625,1.0702005477688483,1.0702005477688483,16.03128397847184
kernelshap,multiprocessing,SVM-RBF,15,1,100,50,3,100.06830183333174,25.72835504557332,85.23201470001368,85.19605079997564,129.7768400000059,1948.3868646667233,57.907706874781,1977.946590001095,102.98085980000906,1978.0055066658442,1.02910569994011,1.02910569994011,19.470569890471904
kernelshap,multiprocessing,SVM-RBF,15,1,100,100,3,199.8985979333132,56.89916885913635,171.7918403999647,162.52218909998192,265.38176429999294,4378.900651332659,967.4725964954883,3855.238248000903,203.61220633335566,3851.4972386653576,1.0185774609648905,1.0185774609648905,21.90560962710441
kernelshap,multiprocessing,SVM-RBF,15,2,100,25,3,66.70350520000405,49.11455562723258,47.11830870003905,30.40321209997637,122.58899479999673,1050.0970423327158,437.776579598044,920.1607529991796,101.59128466667607,1535.8600576653625,1.5230276784115675,0.7615138392057837,15.742756534069699
kernelshap,multiprocessing,SVM-RBF,15,2,100,50,3,61.90614846666964,18.783842923076453,55.39377389999572,47.24517950002337,83.07949199998984,1350.314971998355,81.05333479661752,1382.6878229993677,102.98085980000906,1978.0055066658442,1.6634997064217958,0.8317498532108979,21.812291758473176
kernelshap,multiprocessing,SVM-RBF,15,2,100,100,3,125.9037460333202,35.249932304292315,107.37856489996192,103.77890320000006,166.55376999999862,2733.292236333851,466.45267099728164,2528.1034500003407,203.61220633335566,3851.4972386653576,1.6172053076122934,0.8086026538061467,21.709379763891143
kernelshap,multiprocessing,SVM-RBF,15,4,100,25,3,39.93894406670006,26.213560331280274,24.8550323000527,24.754099700017832,70.20770020002965,720.2233820002822,170.38138890840423,716.7293769999346,101.59128466667607,1535.8600576653625,2.54366476231854,0.635916190579635,18.03311025943682
kernelshap,multiprocessing,SVM-RBF,15,4,100,50,3,41.39171923334167,5.019538914779158,43.68083099997602,35.63568350003334,44.85864320001565,1104.4345296674778,168.59923911343225,1038.3112369997282,102.98085980000906,1978.0055066658442,2.4879580193193904,0.6219895048298476,26.682499546378804
kernelshap,multiprocessing,SVM-RBF,15,4,100,100,3,83.27982526666408,10.17218733133217,80.65210750000551,74.67931480001425,94.50805349997243,2064.9660489992616,473.90902737329895,1792.5166889988352,203.61220633335566,3851.4972386653576,2.4449163489642816,0.6112290872410704,24.795513707998172
kernelshap,multiprocessing,SVM-RBF,15,8,100,25,3,33.32176203335015,16.974712443371736,28.11511320003774,19.560216500016395,52.2899563999963,665.9205506665857,51.02404056151666,661.505016999047,101.59128466667607,1535.8600576653625,3.0487968963045304,0.3810996120380663,19.984553938056994
kernelshap,multiprocessing,SVM-RBF,15,8,100,50,3,36.6268587000086,5.715046287813725,36.582000599999446,30.93437350000022,42.364202000026125,1007.3096139990558,30.708203121673264,991.4146459992336,102.98085980000906,1978.0055066658442,2.811621401755234,0.35145267521940426,27.501938461318808
kernelshap,multiprocessing,SVM-RBF,15,8,100,100,3,71.21485663335382,7.516762187286202,73.71649040002376,62.76625640003476,77.16182310000295,1850.8243329997897,152.0607074331108,1780.059676999013,203.61220633335566,3851.4972386653576,2.85912541229484,0.357390676536855,25.989300835479703
kernelshap,multiprocessing,SVM-RBF,30,1,100,25,3,126.53231486664542,94.79453269013655,86.88414009998087,57.999058999994304,234.71374549996108,1848.626122332754,945.7070620077186,1314.4440569994567,122.77444749998783,1791.3019893334895,0.97030112528473,0.97030112528473,14.609913082527992
kernelshap,multiprocessing,SVM-RBF,30,1,100,50,3,124.74778856666914,34.20070912302776,105.1552613999811,104.84913400001824,164.23897030000808,2578.570242665623,113.09171527831406,2514.123407998803,128.50357733331234,2583.1674539993855,1.030107056884908,1.030107056884908,20.670268165014836
kernelshap,multiprocessing,SVM-RBF,30,1,100,100,3,246.6600731666549,73.10795695953883,205.21076599997468,203.69611259998052,331.0733409000095,4794.497280332718,112.81342170564861,4799.254564999595,251.37101646667966,4882.159815333384,1.0190989293060082,1.0190989293060082,19.437670713303223
kernelshap,multiprocessing,SVM-RBF,30,2,100,25,3,81.72734173331021,62.39255173389174,54.26951419998659,37.77279779996024,153.13971319998382,1238.3215896677812,594.3737945360257,922.18441600247,122.77444749998783,1791.3019893334895,1.502244474078468,0.751122237039234,15.151864277057102
kernelshap,multiprocessing,SVM-RBF,30,2,100,50,3,77.65451646667982,21.405503465065664,65.44886490004137,65.1438489999855,102.37083550001262,1770.6937173338238,288.2660194700931,1604.3559700021915,128.50357733331234,2583.1674539993855,1.6548113771135378,0.8274056885567689,22.802198737450087
kernelshap,multiprocessing,SVM-RBF,30,2,100,100,3,152.3096547666743,35.99940560415612,132.40887210000074,130.65425010002218,193.8658421,3137.4416970006423,123.36375394433463,3080.201743002548,251.37101646667966,4882.159815333384,1.6503944996248539,0.8251972498124269,20.599099261349792
kernelshap,multiprocessing,SVM-RBF,30,4,100,25,3,47.90080833330285,32.09193101050255,29.895521599974018,28.85440049995668,84.95250289997784,879.1022350012632,192.42725129677405,853.1299190031546,122.77444749998783,1791.3019893334895,2.5630976130026886,0.6407744032506721,18.35255532400005
kernelshap,multiprocessing,SVM-RBF,30,4,100,50,3,54.02792233331517,4.706612144752934,52.01301449997118,50.66418560000602,59.40656689996831,1339.601874334792,238.20849351660766,1202.9405609995658,128.50357733331234,2583.1674539993855,2.3784660187473716,0.5946165046868429,24.79462130841102
kernelshap,multiprocessing,SVM-RBF,30,4,100,100,3,96.90920876663101,3.5624910249519663,95.05330829997548,94.65784029994391,101.01647769997362,2471.223061333572,413.77952227197636,2234.2876790020173,251.37101646667966,4882.159815333384,2.5938816307128376,0.6484704076782094,25.500394573281195
kernelshap,multiprocessing,SVM-RBF,30,8,100,25,3,37.56711629999336,21.741841422536165,29.36070630000904,21.122844700003043,62.21779789996799,776.9670986670384,75.1127835722322,768.5273590007598,122.77444749998783,1791.3019893334895,3.268136061324716,0.4085170076655895,20.68210645881211
kernelshap,multiprocessing,SVM-RBF,30,8,100,50,3,47.975174266670365,7.9338743879427085,49.12815740000224,39.52789269998903,55.26947270001983,1260.102612333966,79.77505353661716,1237.3919410002654,128.50357733331234,2583.1674539993855,2.6785432110996457,0.3348179013874557,26.265722461573066
kernelshap,multiprocessing,SVM-RBF,30,8,100,100,3,85.4832107333156,6.877809822316696,89.34615699999267,77.54236969997874,89.56110549997538,2303.0201173321166,166.22045834354495,2209.7004639997863,251.37101646667966,4882.159815333384,2.9405893193563934,0.3675736649195492,26.941198132074305
kernelshap,ray,LogisticRegression,15,1,100,25,3,18.026699366688263,13.506159412912004,10.509267600020394,9.951882100023797,33.6189484000206,292.76561066644143,118.02245012933594,227.4828880009613,8.63882583331239,128.90070900080445,0.47922393653916323,0.47922393653916323,16.240666397723714
kernelshap,ray,LogisticRegression,15,1,100,50,3,11.653088833321817,1.0906885469965284,11.107555499998853,10.94280079996679,12.90891019999981,263.7142916666058,24.206488205045265,250.22589299939503,6.3668142333432725,131.63084233401707,0.5463627991179018,0.5463627991179018,22.630419748669475
kernelshap,ray,LogisticRegression,15,1,100,100,3,19.82990999999068,13.191219776353956,12.230435199977364,12.197488099976908,35.06180670001777,351.529700665848,129.11011469290938,277.3589809982435,12.27457896664661,201.54536866905937,0.6189931757961775,0.6189931757961775,17.727246400312115
kernelshap,ray,LogisticRegression,15,2,100,25,3,15.347520966664888,11.773663443518663,9.137242699973283,7.97919440001715,28.92612580000423,267.76405066789715,91.64964697374204,221.7906149987056,8.63882583331239,128.90070900080445,0.5628808621324635,0.28144043106623173,17.446729751957065
kernelshap,ray,LogisticRegression,15,2,100,50,3,11.266970700002275,2.0079381657789046,10.192768700013405,10.02463830000488,13.583505099988542,318.6106109995354,161.54762192761777,225.4520460000076,6.3668142333432725,131.63084233401707,0.5650866060512598,0.2825433030256299,28.27828521817946
kernelshap,ray,LogisticRegression,15,2,100,100,3,17.262370666663628,11.404489325223526,10.684473900008015,10.671499599993696,30.43113849998917,313.39843266727786,116.74446226755377,247.87776000160244,12.27457896664661,201.54536866905937,0.7110598656273073,0.35552993281365364,18.155005399837687
kernelshap,ray,LogisticRegression,15,4,100,25,3,14.65926919997825,9.78022543899899,9.988051799999084,8.090519099961966,25.8992366999737,272.88698766513716,58.44849166022091,253.64945199750213,8.63882583331239,128.90070900080445,0.5893080831972993,0.14732702079932483,18.615320036932133
kernelshap,ray,LogisticRegression,15,4,100,50,3,11.578402966668364,1.462000545477345,10.87698719999753,10.599277200002687,13.258944500004873,311.47529599904743,129.56658185609206,238.70950700026205,6.3668142333432725,131.63084233401707,0.5498870830175724,0.1374717707543931,26.901404010183033
kernelshap,ray,LogisticRegression,15,4,100,100,3,13.840693200007081,4.367489004233946,11.343043200031389,11.295276699995156,18.883759699994695,300.05819033333546,78.69177231603733,255.3630669997364,12.27457896664661,201.54536866905937,0.8868471245819053,0.22171178114547632,21.67941923119732
kernelshap,ray,LogisticRegression,15,8,100,25,3,16.798337333331194,9.303718040485636,14.557018599996807,8.82001120003406,27.01798219996272,344.2803830006371,45.17228459969746,321.1789349989225,8.63882583331239,128.90070900080445,0.5142667194908193,0.06428333993635241,20.494908285805007
kernelshap,ray,LogisticRegression,15,8,100,50,3,15.289905333309434,1.9168891551399927,14.725130999984684,13.718853399972431,17.425731599971186,390.0678993349408,131.94621634195613,325.26336500323663,6.3668142333432725,131.63084233401707,0.41640638673367136,0.05205079834170892,25.511465952975414
kernelshap,ray,LogisticRegression,15,8,100,100,3,15.56343080002504,2.2043088791826095,14.31196150003234,14.269700400007425,18.10863050003536,353.52965699975704,50.13254304972766,325.61369599994896,12.27457896664661,201.54536866905937,0.7886807943803021,0.09858509929753777,22.715406489884494
kernelshap,ray,LogisticRegression,30,1,100,25,3,15.152944499995405,5.653021119927056,12.642863699991722,11.189626100007445,21.626343699987046,273.6970436679274,26.105506732728532,263.3673940016519,11.51385836668002,169.8664703336281,0.7598429708947665,0.7598429708947665,18.062300938805024
kernelshap,ray,LogisticRegression,30,1,100,50,3,13.327025133340308,1.4818283591703267,12.5153994000284,12.428321600018537,15.037354399973992,291.30749900017906,22.918256142089575,280.70812999957394,8.370689766656142,180.94959233325855,0.6280988955078303,0.6280988955078303,21.858403963793325
kernelshap,ray,LogisticRegression,30,1,100,100,3,28.734749366684508,23.2482776275898,15.394007900031283,15.230857399990782,55.57938280003145,464.0581769988439,225.4562863295755,336.98775100029496,10.566299700003583,204.0816880005847,0.36771852662318005,0.36771852662318005,16.149720711915442
kernelshap,ray,LogisticRegression,30,2,100,25,3,10.225357200019062,1.115324899359706,9.791542700026184,9.392120000033174,11.492408899997828,234.4379493348689,8.352242968658523,235.0452310031337,11.51385836668002,169.8664703336281,1.1260103819804512,0.5630051909902256,22.927115869793955
kernelshap,ray,LogisticRegression,30,2,100,50,3,11.063081400003284,0.16235523350816772,10.979643900005613,10.959411500021815,11.250188799982425,262.408264332796,24.972074248462523,249.7321199996572,8.370689766656142,180.94959233325855,0.7566327557396131,0.37831637786980654,23.7192744810427
kernelshap,ray,LogisticRegression,30,2,100,100,3,22.07422753336141,15.87466051045606,12.931956900050864,12.8860382999992,40.40468740003416,362.39392166722564,135.48218046641992,286.10499300086855,10.566299700003583,204.0816880005847,0.47867132310901633,0.23933566155450817,16.41706017207304
kernelshap,ray,LogisticRegression,30,4,100,25,3,9.923511733320387,1.0217477133624022,10.462911600014197,8.745101599954069,10.562521999992896,259.9066323346846,17.481259876015244,263.31918600150385,11.51385836668002,169.8664703336281,1.160260467876477,0.29006511696911924,26.190993603805655
kernelshap,ray,LogisticRegression,30,4,100,50,3,10.780416266643442,1.4298354957855184,11.48077009996632,9.135419699945489,11.725059000018518,270.75561733135027,24.638000889096638,258.2099289980766,8.370689766656142,180.94959233325855,0.7764718504012289,0.19411796260030723,25.11550673317849
kernelshap,ray,LogisticRegression,30,4,100,100,3,19.0550111666477,10.128421566254715,13.476776600000449,12.942027699959,30.746229199983645,329.82363700157504,69.64581814875356,293.72531400168043,10.566299700003583,204.0816880005847,0.5545155343964296,0.1386288835991074,17.309023548559804
kernelshap,ray,LogisticRegression,30,8,100,25,3,11.713073766673915,2.083776102568831,12.451180100033524,9.360709699976724,13.327331500011496,319.60892400144036,15.150831730277382,313.83192499994107,11.51385836668002,169.8664703336281,0.9829920476928351,0.12287400596160439,27.286511667910172
kernelshap,ray,LogisticRegression,30,8,100,50,3,13.082037900011832,2.932052439794537,14.628933399973905,9.700474500015844,14.916705800045747,334.3715360004343,19.36023159421654,330.6303790025611,8.370689766656142,180.94959233325855,0.6398612991824898,0.07998266239781122,25.559590834095648
kernelshap,ray,LogisticRegression,30,8,100,100,3,21.189262700014904,8.73712003044065,16.151738300046418,16.13803299999563,31.27801680000266,391.45796200043543,61.52135001410461,357.5757729988194,10.566299700003583,204.0816880005847,0.49866292421756375,0.06233286552719547,18.474355032662846
kernelshap,ray,SVM-RBF,15,1,100,25,3,110.56632466666633,82.4190904636432,80.21591020002961,47.62593979999656,203.85712399997283,1667.8383739998462,775.3648090952177,1321.8038110009024,101.59128466667607,1535.8600576653625,0.918826640687858,0.918826640687858,15.08450587489473
kernelshap,ray,SVM-RBF,15,1,100,50,3,107.37459686666261,32.19328083161407,89.76930260000518,87.82327529997565,144.53121270000702,2164.288355332781,249.34148578544608,2035.881112998106,102.98085980000906,1978.0055066658442,0.959080292779961,0.959080292779961,20.156428228740047
kernelshap,ray,SVM-RBF,15,1,100,100,3,204.22174923333418,57.895847864219164,175.04733769997256,166.7170219999971,270.90088800003286,4079.136503333089,207.02886710959135,4102.9384959992585,203.61220633335566,3851.4972386653576,0.9970152890068428,0.9970152890068428,19.974055254381643
kernelshap,ray,SVM-RBF,15,2,100,25,3,71.42960166665337,57.1990879377968,43.80674159998307,33.284618599980604,137.19744479999645,1118.9809983335365,535.4860133220365,842.3939629986646,101.59128466667607,1535.8600576653625,1.4222574716401306,0.7111287358200653,15.665508027828306
kernelshap,ray,SVM-RBF,15,2,100,50,3,70.29707306666144,21.26363065528505,58.7117869000067,57.34197369997855,94.83745859999908,1593.1618570008923,407.8463852642529,1374.1369540011483,102.98085980000906,1978.0055066658442,1.464938087854016,0.732469043927008,22.66327440816954
kernelshap,ray,SVM-RBF,15,2,100,100,3,118.16089590000531,19.447756368565546,107.49280629999704,106.38181340001756,140.60806800000137,2623.7652003342355,63.97093156554967,2605.4724990017044,203.61220633335566,3851.4972386653576,1.7231775773405125,0.8615887886702562,22.20502121577192
kernelshap,ray,SVM-RBF,15,4,100,25,3,45.49730983331877,32.20545652806985,27.408862499985844,26.40263719996437,82.6804298000061,829.5571109998824,204.52640479191732,773.5026669976878,101.59128466667607,1535.8600576653625,2.2329075068143553,0.5582268767035888,18.233102441419028
kernelshap,ray,SVM-RBF,15,4,100,50,3,60.24385966667129,25.512094836475974,46.84816430002684,44.21983479999472,89.66357989999233,1438.4770643343647,609.3560297174986,1099.0597089990506,102.98085980000906,1978.0055066658442,1.709400101019443,0.42735002525486077,23.87757146194558
kernelshap,ray,SVM-RBF,15,4,100,100,3,79.01298363332171,4.048360547778192,80.60547169996426,74.41053290001582,82.02294629998505,1998.0050909992804,218.8001415720006,1874.0283479996344,203.61220633335566,3851.4972386653576,2.576946179861602,0.6442365449654005,25.287047762573955
kernelshap,ray,SVM-RBF,15,8,100,25,3,39.09239200002048,24.021117012074427,29.476641900022518,21.36879850004334,66.43173559999559,788.8234486678639,105.42265413407493,764.2342760004427,101.59128466667607,1535.8600576653625,2.598748233841072,0.324843529230134,20.178439034056822
kernelshap,ray,SVM-RBF,15,8,100,50,3,45.01397913331554,8.309168149772836,47.99464019999141,35.62560959998518,51.42168759997003,1185.4818240000259,56.925687050238075,1169.5046879995564,102.98085980000906,1978.0055066658442,2.2877528666154143,0.2859691083269268,26.335859366910146
kernelshap,ray,SVM-RBF,15,8,100,100,3,77.92947309999727,12.202602225985439,83.43982410000172,63.94351289997576,86.40508230001433,2017.5522860010562,64.40119201996605,1982.41741499946,203.61220633335566,3851.4972386653576,2.612775349733024,0.326596918716628,25.88946396971247
kernelshap,ray,SVM-RBF,30,1,100,25,3,111.46203383331886,83.72113703361984,75.25516989995958,51.937983300013,207.192948299984,1649.407678333039,823.3238644408668,1206.9675209988252,122.77444749998783,1791.3019893334895,1.1014911829402434,1.1014911829402434,14.797932727475397
kernelshap,ray,SVM-RBF,30,1,100,50,3,116.65589779997633,27.50172443431472,111.3625986999832,92.18556769995485,146.41952699999092,2432.0786926661826,230.9922212589634,2528.0991209993954,128.50357733331234,2583.1674539993855,1.1015609133937712,1.1015609133937712,20.848313188899706
kernelshap,ray,SVM-RBF,30,1,100,100,3,216.45833050001724,54.92726283910813,190.30775380000705,179.4924887000234,279.57474900002126,4479.59547300065,325.52232257301176,4505.131442000171,251.37101646667966,4882.159815333384,1.161290562881153,1.161290562881153,20.694955295334744
kernelshap,ray,SVM-RBF,30,2,100,25,3,71.01887316666155,56.44331869127327,41.93610400002217,35.04795599996578,136.07255949999671,1166.8748080000637,498.55788767310327,955.2628330007126,122.77444749998783,1791.3019893334895,1.7287580332606847,0.8643790166303423,16.43048891048627
kernelshap,ray,SVM-RBF,30,2,100,50,3,74.60975723333347,19.78528355991301,63.66924640000798,62.7108917000005,97.44913359999192,1676.1590120002809,386.44538523169456,1460.5158389996875,128.50357733331234,2583.1674539993855,1.7223427886440124,0.8611713943220062,22.4656810872375
kernelshap,ray,SVM-RBF,30,2,100,100,3,131.3151662000067,29.755949664636923,115.31082170002628,112.98651509999765,165.64816179999616,2887.073773998672,417.86997745180383,2649.9516599985727,251.37101646667966,4882.159815333384,1.9142573073685591,0.9571286536842796,21.985836499657303
kernelshap,ray,SVM-RBF,30,4,100,25,3,46.2743138000175,30.814920114726423,29.476061700028367,27.508695300028197,81.83818439999595,855.9782873338078,186.54944072541264,839.2324790004326,122.77444749998783,1791.3019893334895,2.6531878577514725,0.6632969644378681,18.497914221549927
kernelshap,ray,SVM-RBF,30,4,100,50,3,47.80386459998166,3.4913019151647684,46.00982500001555,45.574343899963424,51.82742489996599,1228.5437476666855,240.54003130331984,1093.05295000095,128.50357733331234,2583.1674539993855,2.6881420238430187,0.6720355059607547,25.6996742407131
kernelshap,ray,SVM-RBF,30,4,100,100,3,91.9644259333533,7.599105819553862,93.28018520004116,83.7933583999984,98.81973420002032,2274.9208256655525,416.4446336615762,2061.276673998824,251.37101646667966,4882.159815333384,2.73335057458901,0.6833376436472525,24.73696543611537
kernelshap,ray,SVM-RBF,30,8,100,25,3,39.59321759996237,21.448004857302166,34.991968599963,20.819253299967382,62.96843089995673,810.9894979998456,60.3584917510821,815.902827998205,122.77444749998783,1791.3019893334895,3.100895934764961,0.3876119918456201,20.4830409640821
kernelshap,ray,SVM-RBF,30,8,100,50,3,51.88387713332971,6.833764416466034,55.77255869994406,43.99319690000266,55.88587580004241,1334.7789009984997,11.942322270976778,1331.0163409980812,128.50357733331234,2583.1674539993855,2.4767535587806497,0.3095941948475812,25.726275188888117
kernelshap,ray,SVM-RBF,30,8,100,100,3,96.19430669998594,7.5533294134984725,98.03332829999272,87.89128149999306,102.65831029997209,2293.550828333005,95.01901897628375,2261.6354049980414,251.37101646667966,4882.159815333384,2.613158980922479,0.3266448726153099,23.84289577018533
kernelshap,serial,LogisticRegression,15,1,100,25,3,8.63882583331239,6.199743283147758,6.3327923999750055,3.922560299979523,15.661124799982645,128.90070900080445,60.599065710751645,95.06913999934864,8.63882583331239,128.90070900080445,1.0,1.0,14.92109130198542
kernelshap,serial,LogisticRegression,15,1,100,50,3,6.3668142333432725,2.3456158240146583,5.055504700052552,4.9700889000087045,9.07484909996856,131.63084233401707,23.67792391889185,119.24332200057842,6.3668142333432725,131.63084233401707,1.0,1.0,20.674522219395197
kernelshap,serial,LogisticRegression,15,1,100,100,3,12.27457896664661,10.187470582722518,6.3961831999477,6.389497600030154,24.038056099961977,201.54536866905937,94.55409553006571,147.08235600323084,12.27457896664661,201.54536866905937,1.0,1.0,16.41973783513987
kernelshap,serial,LogisticRegression,30,1,100,25,3,11.51385836668002,8.213914993036383,8.270380500005558,5.416900000011083,20.854294600023422,169.8664703336281,83.33480673675828,122.8680250016892,11.51385836668002,169.8664703336281,1.0,1.0,14.753218679952242
kernelshap,serial,LogisticRegression,30,1,100,50,3,8.370689766656142,3.0077049474278437,6.651065799989738,6.617369699990377,11.84363379998831,180.94959233325855,59.7870939806299,147.93054800061878,8.370689766656142,180.94959233325855,1.0,1.0,21.617046787954596
kernelshap,serial,LogisticRegression,30,1,100,100,3,10.566299700003583,2.2306863399462977,9.313806299993304,9.243339699984062,13.141753100033384,204.0816880005847,3.1287673362227983,205.4190960019464,10.566299700003583,204.0816880005847,1.0,1.0,19.314395180416422
kernelshap,serial,SVM-RBF,15,1,100,25,3,101.59128466667607,74.09170272356525,74.1448579999851,45.138999000017066,185.48999700002605,1535.8600576653625,698.6350793499199,1297.4040779986017,101.59128466667607,1535.8600576653625,1.0,1.0,15.118029688319854
kernelshap,serial,SVM-RBF,15,1,100,50,3,102.98085980000906,28.61315738577907,86.70304160000524,86.22022570000263,136.0193121000193,1978.0055066658442,35.39222759457712,1976.6436649987563,102.98085980000906,1978.0055066658442,1.0,1.0,19.20750623472334
kernelshap,serial,SVM-RBF,15,1,100,100,3,203.61220633335566,58.81536085300714,169.87800060003065,169.4327697000117,271.52584870002465,3851.4972386653576,33.30390258719156,3862.4157439973496,203.61220633335566,3851.4972386653576,1.0,1.0,18.9158464908516
kernelshap,serial,SVM-RBF,30,1,100,25,3,122.77444749998783,89.4012847717774,86.91588079999201,56.86929810000584,224.53816359996563,1791.3019893334895,880.0260848048013,1301.629207999733,122.77444749998783,1791.3019893334895,1.0,1.0,14.590185708908745
kernelshap,serial,SVM-RBF,30,1,100,50,3,128.50357733331234,36.21137197124052,110.0535958999535,105.23299759998918,170.2241384999943,2583.1674539993855,227.69316925861605,2486.021175998404,128.50357733331234,2583.1674539993855,1.0,1.0,20.101910838631134
kernelshap,serial,SVM-RBF,30,1,100,100,3,251.37101646667966,73.93836332858008,209.00171759998196,208.36444020003543,336.7468916000216,4882.159815333384,205.96059320831802,4970.752260000178,251.37101646667966,4882.159815333384,1.0,1.0,19.42212703738872
kernelshap,threading,LogisticRegression,15,1,100,25,3,8.580854366688678,5.999169027954377,6.377760600007605,3.994711700011976,15.370090800046455,126.83490466662214,59.65111826855484,94.82574599997476,8.63882583331239,128.90070900080445,1.006755908461605,1.006755908461605,14.781151065679639
kernelshap,threading,LogisticRegression,15,1,100,50,3,6.303695566641788,2.1075532081696697,5.098005799984094,5.075826199958101,8.737254699983168,126.9350856678064,20.979749594712878,116.56262900069936,6.3668142333432725,131.63084233401707,1.0100129624018488,1.0100129624018488,20.136614201283425
kernelshap,threading,LogisticRegression,15,1,100,100,3,12.417223966661064,10.161352032936296,6.590943899995182,6.510277799970936,24.15045020001708,205.406400000388,107.76989241949485,143.82790199969352,12.27457896664661,201.54536866905937,0.9885123276831085,0.9885123276831085,16.542054854763233
kernelshap,threading,LogisticRegression,15,2,100,25,3,16.566368466670003,11.384483017805639,16.390697699971497,5.270737399987411,28.037670300051104,232.51858033394578,116.81857537807853,226.43487099959225,8.63882583331239,128.90070900080445,0.5214676862157754,0.2607338431078877,14.035579421147828
kernelshap,threading,LogisticRegression,15,2,100,50,3,9.674891199994212,5.582426365492597,6.852103499986697,6.067581399984192,16.104988700011745,190.03303666632328,68.82104970335403,164.12804099952828,6.3668142333432725,131.63084233401707,0.65807605498934,0.32903802749467,19.641878418894983
kernelshap,threading,LogisticRegression,15,2,100,100,3,17.05304326666131,14.97551086342034,8.455349099996965,8.35859719995642,34.345183500030544,279.6949736678018,162.44171388027618,186.8980400023812,12.27457896664661,201.54536866905937,0.7197881794297329,0.35989408971486647,16.40146977253059
kernelshap,threading,LogisticRegression,15,4,100,25,3,19.159805233318668,15.889455436307383,10.834826399979647,9.162639299989678,37.48194999998668,317.16318666794035,138.05918603276444,259.0475760014366,8.63882583331239,128.90070900080445,0.450882758363826,0.1127206895909565,16.553570498535
kernelshap,threading,LogisticRegression,15,4,100,50,3,10.993799666680085,1.212702787841035,10.500176200002898,10.10575460002292,12.375468200014438,258.90740799920235,42.83536528453326,236.5604059996529,6.3668142333432725,131.63084233401707,0.5791277289361347,0.14478193223403368,23.55031161645566
kernelshap,threading,LogisticRegression,15,4,100,100,3,19.7366124666684,14.966648791947463,11.14044119999744,11.05086369998753,37.01853250002023,335.32382466609505,156.65595943603458,247.3929229994565,12.27457896664661,201.54536866905937,0.6219192370208501,0.15547980925521251,16.989938128054998
kernelshap,threading,LogisticRegression,15,8,100,25,3,19.949024099992435,16.061569156227172,11.231746099947486,10.130893299996387,38.48443290003343,334.7633560007002,134.6260226362445,279.26491800146505,8.63882583331239,128.90070900080445,0.4330450346849632,0.0541306293356204,16.780938973392043
kernelshap,threading,LogisticRegression,15,8,100,50,3,11.631644599993402,0.4411310626051769,11.499443999957291,11.271729800035246,12.12375999998767,282.2413350007616,41.80512858899218,258.36794899901093,6.3668142333432725,131.63084233401707,0.5473700798377973,0.06842125997972466,24.264955189648905
kernelshap,threading,LogisticRegression,15,8,100,100,3,20.95599989996602,14.903193323575382,12.460077099967748,12.24365099996794,38.164271599962376,362.04270866643515,158.13064075931425,274.1871739978974,12.27457896664661,201.54536866905937,0.5857310090303308,0.07321637612879135,17.276327085066562
kernelshap,threading,LogisticRegression,30,1,100,25,3,11.478837666645026,8.059926559569206,8.354928400018252,5.448473199969158,20.633111399947666,173.60788633400406,77.58652006978899,140.36363600237743,11.51385836668002,169.8664703336281,1.0030508925251864,1.0030508925251864,15.12416948263589
kernelshap,threading,LogisticRegression,30,1,100,50,3,8.223226699997516,2.416099344290183,6.976528899976984,6.685130600002594,11.00802060001297,178.0289356653808,53.89885782403739,149.76362899771223,8.370689766656142,180.94959233325855,1.0179325065498523,1.0179325065498523,21.649523010892374
kernelshap,threading,LogisticRegression,30,1,100,100,3,17.56170543333671,14.264720108712863,9.408789900015108,9.243417699995916,34.0329086999991,281.55621766723374,133.87884867145704,205.55434100134607,10.566299700003583,204.0816880005847,0.601667061329134,0.601667061329134,16.032396098203904
kernelshap,threading,LogisticRegression,30,2,100,25,3,19.577645100012887,13.045371959619652,18.97984760004329,6.841448599996511,32.911639099998865,284.6073569988415,130.60491052679652,283.0571149985424,11.51385836668002,169.8664703336281,0.5881125287470065,0.29405626437350324,14.537364200082173
kernelshap,threading,LogisticRegression,30,2,100,50,3,12.266184600011911,5.948247961632002,8.837726700003259,8.826200600015,19.134626500017475,248.47645466612167,84.26311795310895,200.3303699970704,8.370689766656142,180.94959233325855,0.6824200058629489,0.34121000293147447,20.2570287965404
kernelshap,threading,LogisticRegression,30,2,100,100,3,22.18649653333705,19.494188165409383,10.998702800017782,10.864474100002552,44.69631269999081,351.65783199974095,187.6906247938551,243.72553799747453,10.566299700003583,204.0816880005847,0.4762491312734682,0.2381245656367341,15.85008392250421
kernelshap,threading,LogisticRegression,30,4,100,25,3,22.354665599996224,17.881216984494415,12.751612799998838,11.32666409999365,42.98571989999618,365.84119733222565,160.7670496468425,301.1241249998769,11.51385836668002,169.8664703336281,0.5150539298016592,0.1287634824504148,16.36531737393949
kernelshap,threading,LogisticRegression,30,4,100,50,3,12.380167066624077,1.5729362542617469,11.48101249994943,11.463080799963793,14.196407899959013,285.3794823327885,49.96987731415628,258.77402500018576,8.370689766656142,180.94959233325855,0.6761370603166447,0.16903426507916117,23.05134339439961
kernelshap,threading,LogisticRegression,30,4,100,100,3,24.525086299981922,19.111062476573213,13.652176899951884,13.331219599989709,46.591862400004175,396.73361633389413,176.3721455852321,296.4172970018941,10.566299700003583,204.0816880005847,0.4308363922051264,0.1077090980512816,16.17664506787838
kernelshap,threading,LogisticRegression,30,8,100,25,3,23.037747166662786,17.492251293351238,13.557907500013243,12.331685799988918,43.2236481999862,390.7375443318442,142.55153632661322,349.49661899870006,11.51385836668002,169.8664703336281,0.4997823043800641,0.06247278804750801,16.960753215369447
kernelshap,threading,LogisticRegression,30,8,100,50,3,13.03368826668399,0.6441582449868747,12.694559400028083,12.629943400039338,13.776561999984551,309.9615706666253,40.88830682192656,287.1458030005547,8.370689766656142,180.94959233325855,0.6422349219485973,0.08027936524357467,23.781570060942173
kernelshap,threading,LogisticRegression,30,8,100,100,3,25.865173866661888,19.805060468417235,14.552630799997132,14.309234699991066,48.73365609999746,420.2403730002081,177.43762265410834,320.3511100018708,10.566299700003583,204.0816880005847,0.4085145437055301,0.05106431796319126,16.247343828678602
kernelshap,threading,SVM-RBF,15,1,100,25,3,93.62523793332123,69.9413595608173,64.23354470002232,43.17593849997502,173.46623059996637,1392.9866199992985,674.1968455944149,1044.9042649984929,101.59128466667607,1535.8600576653625,1.0850843950754834,1.0850843950754834,14.878323951404713
kernelshap,threading,SVM-RBF,15,1,100,50,3,96.5190624333142,26.1749339381776,82.05950189998839,80.76367359998403,126.73401179997018,1819.4526106665369,51.36987616730272,1808.09821000023,102.98085980000906,1978.0055066658442,1.0669484058774334,1.0669484058774334,18.85070746437898
kernelshap,threading,SVM-RBF,15,1,100,100,3,191.22441030000724,55.56584517651153,160.57281959999818,157.73501190001843,255.36539940000512,3754.282827000799,370.19908946809056,3551.569903000673,203.61220633335566,3851.4972386653576,1.0647814576283097,1.0647814576283097,19.63286392731345
kernelshap,threading,SVM-RBF,15,2,100,25,3,61.329970366651345,46.695196041124824,39.02738599997247,29.96788369998103,114.99464140000056,991.0522073329834,401.7989341405211,866.1627520008916,101.59128466667607,1535.8600576653625,1.656470467201092,0.828235233600546,16.159345934917912
kernelshap,threading,SVM-RBF,15,2,100,50,3,60.62274076665441,16.932290085027976,52.91058249998605,48.91943660000106,80.03820319997612,1283.4013730002855,76.25198193153815,1291.6817520015666,102.98085980000906,1978.0055066658442,1.6987166613993434,0.8493583306996717,21.17029610951245
kernelshap,threading,SVM-RBF,15,2,100,100,3,118.92860283333964,27.633996553059127,103.17522219999228,102.77383429999465,150.836752000032,2344.7851833328036,77.62525311724855,2303.3379379988337,203.61220633335566,3851.4972386653576,1.7120541356959118,0.8560270678479559,19.71590624518362
kernelshap,threading,SVM-RBF,15,4,100,25,3,38.10716656665318,27.226539035242595,23.00582019996364,21.7780065999832,69.5376729000127,658.4872539994848,201.1602082491827,615.159967002144,101.59128466667607,1535.8600576653625,2.665936458145817,0.6664841145364543,17.279879700521054
kernelshap,threading,SVM-RBF,15,4,100,50,3,40.31627673333666,2.1743350383236923,41.55760880000889,37.80562290002126,41.585598499979824,994.3141393337983,141.04050501667223,918.725559001099,102.98085980000906,1978.0055066658442,2.554324658528212,0.638581164632053,24.66284637121814
kernelshap,threading,SVM-RBF,15,4,100,100,3,77.01552739999413,2.1670523567931035,77.46672219998436,74.6583968999912,78.9214631000068,1926.9072026651677,320.4410845878472,1782.3329469977557,203.61220633335566,3851.4972386653576,2.6437812374621377,0.6609453093655344,25.019723524808512
kernelshap,threading,SVM-RBF,15,8,100,25,3,37.33104230003664,27.018136993802386,25.58061380003346,18.177766800043173,68.2347463000333,687.3476716655387,168.69383620073742,622.7671439995851,101.59128466667607,1535.8600576653625,2.7213621267300203,0.34017026584125254,18.412228250719483
kernelshap,threading,SVM-RBF,15,8,100,50,3,38.38108736666618,4.503351011389684,39.646825000003446,33.380312699999195,42.1161243999959,978.6619749995348,75.31880257201156,942.0043780005384,102.98085980000906,1978.0055066658442,2.6831147022021975,0.3353893377752747,25.498547387417137
kernelshap,threading,SVM-RBF,15,8,100,100,3,66.81173076664952,7.42793018948618,66.90219160000561,59.33898329996737,74.19401739997556,1755.086636666281,136.0379010800251,1706.446721998578,203.61220633335566,3851.4972386653576,3.047551739746173,0.38094396746827164,26.269138915083598
kernelshap,threading,SVM-RBF,30,1,100,25,3,121.89906370001457,89.46201202142626,86.91359529999318,55.216597600025125,223.5669982000254,1792.2754396653036,868.3245429287258,1344.8513979996137,122.77444749998783,1791.3019893334895,1.007181218406464,1.007181218406464,14.702946727105086
kernelshap,threading,SVM-RBF,30,1,100,50,3,125.08649963332573,35.18859596487012,105.87918709998485,103.68134030001238,165.69897149997996,2564.5045313326686,268.3566091466963,2432.1578479980176,128.50357733331234,2583.1674539993855,1.0273177178192956,1.0273177178192956,20.501849031271714
kernelshap,threading,SVM-RBF,30,1,100,100,3,247.28800080000656,64.09658277357146,211.33261689997744,209.24087949999372,321.2905060000485,4914.341140000567,167.07948168489858,4834.0082569996775,251.37101646667966,4882.159815333384,1.0165111758494714,1.0165111758494714,19.87294621697001
kernelshap,threading,SVM-RBF,30,2,100,25,3,42.15573713334743,7.545888353761819,40.84138920000987,35.353367000003345,50.27245520002907,854.0442639983003,29.99653256071241,845.275748999974,122.77444749998783,1791.3019893334895,2.912401866242465,1.4562009331212324,20.259265335505326
kernelshap,threading,SVM-RBF,30,2,100,50,3,81.84773886667487,19.532909934480514,75.69609710003715,66.13120629999321,103.71591319999423,1709.741521333308,107.15118907621664,1768.2868559993458,128.50357733331234,2583.1674539993855,1.570032100002629,0.7850160500013145,20.889294499856323
kernelshap,threading,SVM-RBF,30,2,100,100,3,145.3005380333246,36.77889185387994,125.18469919997732,122.9670749999932,187.74983990000328,3145.2566813323087,263.6174088837638,3001.096818000293,251.37101646667966,4882.159815333384,1.7300074718858083,0.8650037359429041,21.646559083015546
kernelshap,threading,SVM-RBF,30,4,100,25,3,25.877610666677356,0.8969765428895159,26.295492400007788,24.847939600003883,26.4894000000204,665.4435383326468,65.48471176275898,701.0454830007618,122.77444749998783,1791.3019893334895,4.7444274929943475,1.1861068732485869,25.715030143394944
kernelshap,threading,SVM-RBF,30,4,100,50,3,50.318432100020196,3.6444450242924216,52.33603820001008,46.11135940003442,52.507898700016085,1271.8466979982884,167.73154653948114,1203.2155999983418,128.50357733331234,2583.1674539993855,2.553807262473521,0.6384518156183803,25.275960416854442
kernelshap,threading,SVM-RBF,30,4,100,100,3,98.17264470002071,7.733211462739552,95.81912440003362,91.88962830003584,106.80918139999268,2415.3835383331184,388.41518444054526,2195.8002210004547,251.37101646667966,4882.159815333384,2.560499589623734,0.6401248974059335,24.603427418234855
kernelshap,threading,SVM-RBF,30,8,100,25,3,25.607192733325064,3.25881923786058,26.18189559999155,22.09925279999152,28.540429799992125,682.6354150003002,11.881743749196433,683.6657269988056,122.77444749998783,1791.3019893334895,4.7945297549234995,0.5993162193654374,26.657955915328515
kernelshap,threading,SVM-RBF,30,8,100,50,3,44.31783120000424,6.599013828187078,47.62309259996982,36.71932640002342,48.61107460001949,1178.9575246658967,26.906482680687127,1163.70858200025,128.50357733331234,2583.1674539993855,2.8995908385810187,0.36244885482262734,26.602328966535346
kernelshap,threading,SVM-RBF,30,8,100,100,3,82.7643735333307,13.819331879241712,89.62045599997509,66.85756900004344,91.81509559997356,2138.4071586681735,51.96719128307622,2111.7677190030104,251.37101646667966,4882.159815333384,3.037188656607762,0.37964858207597024,25.837290459366535
