strategy,model,feature_count,n_rows,background_size,n_cores,mean_elapsed_seconds,std_elapsed_seconds,mean_energy_joules,std_energy_joules,repeats,time_cv_percent,energy_cv_percent
threading,LogisticRegression,30,100,100,2,22.18649653333705,19.494188165409383,351.65783199974095,187.6906247938551,3,87.86510360532927,53.37308250083092
threading,LogisticRegression,15,100,100,2,17.05304326666131,14.97551086342034,279.6949736678018,162.44171388027618,3,87.81723372916936,58.078166993880565
joblib,LogisticRegression,15,100,100,1,12.29313030000776,10.273358645100766,204.76147800020104,108.09311724925162,3,83.56991583416537,52.78977193607945
serial,LogisticRegression,15,100,100,1,12.27457896664661,10.187470582722518,201.54536866905937,94.55409553006571,3,82.99649715403407,46.9145464142741
threading,LogisticRegression,15,100,25,4,19.159805233318668,15.889455436307383,317.16318666794035,138.05918603276444,3,82.93119498248245,43.52938545081147
multiprocessing,SVM-RBF,15,100,25,1,94.92733383333932,78.24398948295847,1521.8070460014605,691.0619003808167,3,82.42514176193842,45.410612481824025
joblib,LogisticRegression,30,100,100,1,17.54502869998881,14.396656670464138,277.2220370012346,134.8925664887523,3,82.0554751812593,48.6586737287958
threading,LogisticRegression,15,100,100,1,12.417223966661064,10.161352032936296,205.406400000388,107.76989241949485,3,81.83271929554024,52.46666726026613
joblib,SVM-RBF,15,100,25,1,91.15773803331346,74.31191995649175,1401.605219333426,696.564496261127,3,81.52014470711698,49.69762431338537
threading,LogisticRegression,30,100,100,1,17.56170543333671,14.264720108712863,281.55621766723374,133.87884867145704,3,81.2262804592696,47.54959765430791
ray,LogisticRegression,30,100,100,1,28.734749366684508,23.2482776275898,464.0581769988439,225.4562863295755,3,80.90649175643827,48.58362539534287
threading,LogisticRegression,15,100,25,8,19.949024099992435,16.061569156227172,334.7633560007002,134.6260226362445,3,80.51305705843156,40.21528050279282
ray,SVM-RBF,15,100,25,2,71.42960166665337,57.1990879377968,1118.9809983335365,535.4860133220365,3,80.0775681274728,47.85479057459591
threading,LogisticRegression,30,100,25,4,22.354665599996224,17.881216984494415,365.84119733222565,160.7670496468425,3,79.98874733557828,43.94449034695446
multiprocessing,LogisticRegression,15,100,25,2,10.306520300005408,8.238750943482456,175.83811166644037,65.78135920409495,3,79.93726984148213,37.41018291238263
ray,SVM-RBF,30,100,25,2,71.01887316666155,56.44331869127327,1166.8748080000637,498.55788767310327,3,79.47650557453439,42.725910633686084
threading,LogisticRegression,30,100,100,4,24.525086299981922,19.111062476573213,396.73361633389413,176.3721455852321,3,77.92454730969611,44.45606278969713
multiprocessing,LogisticRegression,30,100,25,2,12.226878133330805,9.446164463076101,204.45594966489043,79.41970648264885,3,77.25736987044631,38.84440957224291
multiprocessing,LogisticRegression,15,100,25,1,12.7191766333223,9.77268426501514,200.24685933369423,87.15049233213199,3,76.8342523006733,43.521527689432155
ray,LogisticRegression,15,100,25,2,15.347520966664888,11.773663443518663,267.76405066789715,91.64964697374204,3,76.71377982862045,34.22776386342221
threading,LogisticRegression,30,100,100,8,25.865173866661888,19.805060468417235,420.2403730002081,177.43762265410834,3,76.57037439807954,42.222888150258825
multiprocessing,SVM-RBF,30,100,25,2,81.72734173331021,62.39255173389174,1238.3215896677812,594.3737945360257,3,76.34232364670433,47.99833900138051
multiprocessing,LogisticRegression,30,100,25,1,15.403823599995425,11.743815663582007,237.07079966625022,110.63221120429465,3,76.23961406300118,46.66631713397153
joblib,SVM-RBF,15,100,25,2,64.48503893334419,49.10486540825611,982.603990666143,461.3631556800105,3,76.1492374363207,46.953112348672185
threading,SVM-RBF,15,100,25,2,61.329970366651345,46.695196041124824,991.0522073329834,401.7989341405211,3,76.13764650784131,40.542660736491435
threading,LogisticRegression,30,100,25,8,23.037747166662786,17.492251293351238,390.7375443318442,142.55153632661322,3,75.9286538167401,36.48268214675259
threading,LogisticRegression,15,100,100,4,19.7366124666684,14.966648791947463,335.32382466609505,156.65595943603458,3,75.83190285173532,46.717813621512775
ray,SVM-RBF,30,100,25,1,111.46203383331886,83.72113703361984,1649.407678333039,823.3238644408668,3,75.11179740252814,49.916335133891984
ray,LogisticRegression,15,100,25,1,18.026699366688263,13.506159412912004,292.76561066644143,118.02245012933594,3,74.92308568628034,40.31294859415822
multiprocessing,SVM-RBF,30,100,25,1,126.53231486664542,94.79453269013655,1848.626122332754,945.7070620077186,3,74.91725160489014,51.15729192522417
threading,SVM-RBF,15,100,25,1,93.62523793332123,69.9413595608173,1392.9866199992985,674.1968455944149,3,74.70353197994402,48.399376987178414
ray,SVM-RBF,15,100,25,1,110.56632466666633,82.4190904636432,1667.8383739998462,775.3648090952177,3,74.54266994233463,46.48920549991429
joblib,LogisticRegression,15,100,25,2,10.194296833321763,7.518676532383505,178.31635733337598,53.10679649250879,3,73.75375325355894,29.782347108639957
multiprocessing,SVM-RBF,15,100,25,2,66.70350520000405,49.11455562723258,1050.0970423327158,437.776579598044,3,73.63114648917971,41.68915461618238
threading,SVM-RBF,30,100,25,1,121.89906370001457,89.46201202142626,1792.2754396653036,868.3245429287258,3,73.39023722248292,48.44816392121515
serial,SVM-RBF,15,100,25,1,101.59128466667607,74.09170272356525,1535.8600576653625,698.6350793499199,3,72.93116035166034,45.488198997238364
serial,SVM-RBF,30,100,25,1,122.77444749998783,89.4012847717774,1791.3019893334895,880.0260848048013,3,72.81750119200191,49.12773446604851
multiprocessing,LogisticRegression,15,100,100,1,15.095212800020818,10.970837419845173,256.6194723321841,98.7581003642011,3,72.6775936529364,38.48425821574541
threading,SVM-RBF,15,100,25,8,37.33104230003664,27.018136993802386,687.3476716655387,168.69383620073742,3,72.37445120511909,24.5427231595866
ray,LogisticRegression,30,100,100,2,22.07422753336141,15.87466051045606,362.39392166722564,135.48218046641992,3,71.91490839923722,37.38533467755806
serial,LogisticRegression,15,100,25,1,8.63882583331239,6.199743283147758,128.90070900080445,60.599065710751645,3,71.76604092700624,47.012205115468724
threading,SVM-RBF,15,100,25,4,38.10716656665318,27.226539035242595,658.4872539994848,201.1602082491827,3,71.44729322139631,30.548838573166986
joblib,LogisticRegression,15,100,25,1,8.367929266688103,5.978555723631564,122.26982066667614,59.85539429756882,3,71.44605950998655,48.9535307823364
serial,LogisticRegression,30,100,25,1,11.51385836668002,8.213914993036383,169.8664703336281,83.33480673675828,3,71.339378438132,49.05900886330519
threading,LogisticRegression,15,100,100,8,20.95599989996602,14.903193323575382,362.04270866643515,158.13064075931425,3,71.1165937903996,43.67734440552054
ray,SVM-RBF,15,100,25,4,45.49730983331877,32.20545652806985,829.5571109998824,204.52640479191732,3,70.78540829349215,24.654891396856016
threading,LogisticRegression,30,100,25,1,11.478837666645026,8.059926559569206,173.60788633400406,77.58652006978899,3,70.21552872891981,44.690665676627354
threading,LogisticRegression,15,100,25,1,8.580854366688678,5.999169027954377,126.83490466662214,59.65111826855484,3,69.91342320461075,47.030522414428575
joblib,LogisticRegression,15,100,100,2,11.54279556668674,8.06445173420659,214.6316083340538,100.3032302614817,3,69.86567238079763,46.732739432008174
joblib,LogisticRegression,30,100,25,2,12.2960178333063,8.4800751829003,208.95206200108734,64.18742840001087,3,68.96602865954105,30.71873413705621
threading,LogisticRegression,15,100,25,2,16.566368466670003,11.384483017805639,232.51858033394578,116.81857537807853,3,68.72045035524933,50.24053355663122
multiprocessing,LogisticRegression,30,100,100,1,18.726238700017955,12.64325045370899,328.58251499882084,134.23828093703713,3,67.51623033458858,40.85375052215388
multiprocessing,SVM-RBF,30,100,25,4,47.90080833330285,32.09193101050255,879.1022350012632,192.42725129677405,3,66.99663769179185,21.889064051406663
ray,LogisticRegression,15,100,25,4,14.65926919997825,9.78022543899899,272.88698766513716,58.44849166022091,3,66.71700550402268,21.418570434711874
joblib,LogisticRegression,30,100,100,2,16.65070036664838,11.106210442138591,277.5895696665198,86.16508634843402,3,66.70116089761912,31.04046252600478
threading,LogisticRegression,30,100,25,2,19.577645100012887,13.045371959619652,284.6073569988415,130.60491052679652,3,66.63402004161912,45.88950612662066
ray,SVM-RBF,30,100,25,4,46.2743138000175,30.814920114726423,855.9782873338078,186.54944072541264,3,66.59184671629808,21.793711766506938
joblib,LogisticRegression,30,100,25,1,11.744378799999444,7.813215256978702,172.18378066738288,74.34123051241866,3,66.52727564423478,43.175512945686684
ray,LogisticRegression,15,100,100,1,19.82990999999068,13.191219776353956,351.529700665848,129.11011469290938,3,66.52183381750172,36.728081424800294
joblib,SVM-RBF,15,100,25,4,39.490379266634896,26.098999855148822,717.5439846659215,166.52991405301466,3,66.08951430658874,23.208321386813477
ray,LogisticRegression,15,100,100,2,17.262370666663628,11.404489325223526,313.39843266727786,116.74446226755377,3,66.06560330237492,37.2511314986366
joblib,LogisticRegression,15,100,25,4,9.013963233330287,5.946756470586933,172.55239933268925,33.79919849026441,3,65.97271717947592,19.587788185487902
multiprocessing,SVM-RBF,15,100,25,4,39.93894406670006,26.213560331280274,720.2233820002822,170.38138890840423,3,65.63408458546701,23.65674222283684
multiprocessing,LogisticRegression,15,100,25,4,9.208825066666273,6.030945007354627,177.50462266634682,32.394138132785116,3,65.49092814440785,18.249743384810866
multiprocessing,LogisticRegression,30,100,25,4,10.268378533345336,6.47557478362396,192.85319066813665,34.257058957557696,3,63.06326517468462,17.763283479456415
ray,SVM-RBF,15,100,25,8,39.09239200002048,24.021117012074427,788.8234486678639,105.42265413407493,3,61.44703811437745,13.364543651955179
joblib,LogisticRegression,30,100,25,4,10.118741933333999,6.1915800591628,189.1676653330086,36.933838365642295,3,61.18922786997841,19.5243929773222
multiprocessing,LogisticRegression,15,100,100,2,11.20215376666359,6.6232819332872435,204.4025826653917,69.23446163195023,3,59.125076045620986,33.87161782847307
multiprocessing,SVM-RBF,30,100,25,8,37.56711629999336,21.741841422536165,776.9670986670384,75.1127835722322,3,57.87466157614022,9.667434271167389
threading,LogisticRegression,15,100,50,2,9.674891199994212,5.582426365492597,190.03303666632328,68.82104970335403,3,57.70014618351404,36.21530809098004
multiprocessing,LogisticRegression,30,100,100,2,14.052309133325858,8.016472906372595,249.18173633264874,70.82794258956865,3,57.04737086491407,28.424211032471447
ray,LogisticRegression,15,100,25,8,16.798337333331194,9.303718040485636,344.2803830006371,45.17228459969746,3,55.38475538305351,13.120783765252716
joblib,SVM-RBF,15,100,25,8,31.752825666665256,17.311075287989915,649.8404879998568,58.05388717934837,3,54.51821979472972,8.933559581372402
ray,SVM-RBF,30,100,25,8,39.59321759996237,21.448004857302166,810.9894979998456,60.3584917510821,3,54.1709064264647,7.442573781774618
ray,LogisticRegression,30,100,100,4,19.0550111666477,10.128421566254715,329.82363700157504,69.64581814875356,3,53.15358504739509,21.11607851453684
multiprocessing,LogisticRegression,15,100,25,8,10.789547599987904,5.7282575752452445,232.4801826662795,26.138332056782403,3,53.090804059770456,11.243251685802157
joblib,LogisticRegression,15,100,25,8,10.53408636666912,5.565124982205242,224.74511199982518,24.41399646575502,3,52.82968819976494,10.862971055750485
joblib,LogisticRegression,30,100,100,4,13.174088833349137,6.919190597330917,227.09264900059313,44.2315450507371,3,52.52120799288637,19.47731256180889
multiprocessing,SVM-RBF,15,100,25,8,33.32176203335015,16.974712443371736,665.9205506665857,51.02404056151666,3,50.94182122296703,7.662181398432839
multiprocessing,LogisticRegression,30,100,25,8,11.602673333332254,5.817490292281229,243.73684233414338,25.056989191988816,3,50.139223307862125,10.28034537250537
joblib,LogisticRegression,30,100,25,8,11.352601233326519,5.647217677664376,243.02810133320986,23.155533092954432,3,49.74382136392223,9.527924123147573
threading,LogisticRegression,30,100,50,2,12.266184600011911,5.948247961632002,248.47645466612167,84.26311795310895,3,48.49305758553663,33.911912525608706
ray,SVM-RBF,15,100,50,4,60.24385966667129,25.512094836475974,1438.4770643343647,609.3560297174986,3,42.34804173841808,42.3611919039856
ray,LogisticRegression,30,100,100,8,21.189262700014904,8.73712003044065,391.45796200043543,61.52135001410461,3,41.233714236005504,15.715953176611128
joblib,SVM-RBF,30,100,50,1,135.73973103331323,52.95001934201932,3333.740607333942,1486.1471127306968,3,39.0084899527496,44.57896662569671
ray,LogisticRegression,30,100,25,1,15.152944499995405,5.653021119927056,273.6970436679274,26.105506732728532,3,37.30642001578485,9.53810329219411
joblib,LogisticRegression,15,100,100,4,9.713139433336133,3.5864821188318174,218.56426333272114,80.59149656899051,3,36.924025887271576,36.87313531503812
serial,LogisticRegression,15,100,50,1,6.3668142333432725,2.3456158240146583,131.63084233401707,23.67792391889185,3,36.84127945386832,17.98812762954782
multiprocessing,LogisticRegression,15,100,100,4,9.88548520001738,3.553818797094079,194.88191966647582,38.28316521322112,3,35.949867155613475,19.644287822461706
serial,LogisticRegression,30,100,50,1,8.370689766656142,3.0077049474278437,180.94959233325855,59.7870939806299,3,35.9313871529292,33.040745331174215
joblib,SVM-RBF,30,100,100,2,166.12663576668515,59.01989484648766,3524.5744969986863,698.0562944685679,3,35.527051140298504,19.805406157906162
joblib,LogisticRegression,30,100,50,1,8.159826333304713,2.8747858491773264,162.78161966650634,31.640474434208972,3,35.230968549462304,19.437375361561944
joblib,SVM-RBF,30,100,50,2,87.41754619998392,30.648470376692075,1945.9226479989502,585.1116722628841,3,35.059861216623474,30.068598711494094
joblib,SVM-RBF,30,100,100,1,254.41566463332856,85.55225397717851,5269.286041666691,855.3682248688087,3,33.62696007750897,16.233095301811577
threading,LogisticRegression,15,100,50,1,6.303695566641788,2.1075532081696697,126.9350856678064,20.979749594712878,3,33.43361343974994,16.527935900730885
multiprocessing,LogisticRegression,30,100,100,4,11.410161066664537,3.718989482112317,220.96596833414696,26.829318378419345,3,32.593663318018926,12.14183278116736
joblib,LogisticRegression,30,100,100,8,14.528211666678544,4.70085067013109,271.18473900134,24.530688517099488,3,32.35670554630489,9.045748152140035
joblib,SVM-RBF,15,100,100,2,136.90160699999737,43.28144958424062,2859.4432516667657,658.4696213370489,3,31.615004770719345,23.02789611065818
ray,LogisticRegression,15,100,100,4,13.840693200007081,4.367489004233946,300.05819033333546,78.69177231603733,3,31.555420968595065,26.225503869305626
joblib,SVM-RBF,15,100,50,2,66.46552920001947,20.778866264227013,1392.6253676672004,221.89362124603687,3,31.262620661148553,15.933475462803964
joblib,SVM-RBF,15,100,100,1,198.28556073332825,61.18364119459739,3959.607171999693,452.2324405634329,3,30.85632709125124,11.421144091297448
multiprocessing,SVM-RBF,15,100,50,2,61.90614846666964,18.783842923076453,1350.314971998355,81.05333479661752,3,30.342451256178055,6.002550255120497
joblib,LogisticRegression,15,100,50,1,6.051062433359523,1.8305233902293432,124.5405753343587,20.593891139087777,3,30.251272572195965,16.53588887300271
ray,SVM-RBF,15,100,50,2,70.29707306666144,21.26363065528505,1593.1618570008923,407.8463852642529,3,30.248244667485846,25.59980854876972
ray,SVM-RBF,15,100,50,1,107.37459686666261,32.19328083161407,2164.288355332781,249.34148578544608,3,29.98221345742659,11.520714657595029
multiprocessing,SVM-RBF,30,100,100,1,246.6600731666549,73.10795695953883,4794.497280332718,112.81342170564861,3,29.639153196124983,2.352977071619484
serial,SVM-RBF,30,100,100,1,251.37101646667966,73.93836332858008,4882.159815333384,205.96059320831802,3,29.41403681612631,4.218636853334014
threading,LogisticRegression,30,100,50,1,8.223226699997516,2.416099344290183,178.0289356653808,53.89885782403739,3,29.381402610375716,30.2753356484389
threading,SVM-RBF,15,100,100,1,191.22441030000724,55.56584517651153,3754.282827000799,370.19908946809056,3,29.057924712297794,9.860713923991527
serial,SVM-RBF,15,100,100,1,203.61220633335566,58.81536085300714,3851.4972386653576,33.30390258719156,3,28.885970007472995,0.8647001548606124
multiprocessing,SVM-RBF,15,100,100,1,199.8985979333132,56.89916885913635,4378.900651332659,967.4725964954883,3,28.464015979800966,22.09396087123034
ray,SVM-RBF,15,100,100,1,204.22174923333418,57.895847864219164,4079.136503333089,207.02886710959135,3,28.34950150097387,5.075311084599074
serial,SVM-RBF,30,100,50,1,128.50357733331234,36.21137197124052,2583.1674539993855,227.69316925861605,3,28.17927152122429,8.81449512326777
threading,SVM-RBF,30,100,50,1,125.08649963332573,35.18859596487012,2564.5045313326686,268.3566091466963,3,28.13140991875283,10.464267302629498
multiprocessing,SVM-RBF,15,100,100,2,125.9037460333202,35.249932304292315,2733.292236333851,466.45267099728164,3,27.997524628825172,17.065598211442325
threading,SVM-RBF,15,100,50,2,60.62274076665441,16.932290085027976,1283.4013730002855,76.25198193153815,3,27.93059150889066,5.941397877211184
serial,SVM-RBF,15,100,50,1,102.98085980000906,28.61315738577907,1978.0055066658442,35.39222759457712,3,27.784927647085496,1.78928862813101
multiprocessing,SVM-RBF,30,100,50,2,77.65451646667982,21.405503465065664,1770.6937173338238,288.2660194700931,3,27.5650463605042,16.279835222103923
multiprocessing,SVM-RBF,30,100,50,1,124.74778856666914,34.20070912302776,2578.570242665623,113.09171527831406,3,27.415884093808863,4.385830310420567
threading,SVM-RBF,15,100,50,1,96.5190624333142,26.1749339381776,1819.4526106665369,51.36987616730272,3,27.118926850602254,2.8233698347594727
joblib,LogisticRegression,15,100,100,8,11.731748700006088,3.179690707924742,253.8205086664358,48.25476221404921,3,27.10329712332733,19.01137243305439
ray,SVM-RBF,30,100,50,2,74.60975723333347,19.78528355991301,1676.1590120002809,386.44538523169456,3,26.518359385672312,23.055413147856513
joblib,SVM-RBF,30,100,25,8,29.41260299998491,7.737433637615657,745.5189480004242,24.85450402767577,3,26.306524579343172,3.3338527604615122
joblib,SVM-RBF,15,100,50,1,97.68998383334838,25.440932468728374,1960.8357926668243,122.21529467451329,3,26.042518864706388,6.23281639041763
threading,SVM-RBF,30,100,100,1,247.28800080000656,64.09658277357146,4914.341140000567,167.07948168489858,3,25.919811137706343,3.3998348288226343
multiprocessing,SVM-RBF,15,100,50,1,100.06830183333174,25.72835504557332,1948.3868646667233,57.907706874781,3,25.710794101837614,2.9720846473005893
ray,SVM-RBF,30,100,100,1,216.45833050001724,54.92726283910813,4479.59547300065,325.52232257301176,3,25.375444184673572,7.266779434326046
threading,SVM-RBF,30,100,100,2,145.3005380333246,36.77889185387994,3145.2566813323087,263.6174088837638,3,25.31228882679341,8.381427514275156
threading,SVM-RBF,30,100,50,2,81.84773886667487,19.532909934480514,1709.741521333308,107.15118907621664,3,23.86493531152824,6.267098724528659
multiprocessing,SVM-RBF,30,100,100,2,152.3096547666743,35.99940560415612,3137.4416970006423,123.36375394433463,3,23.635668834851085,3.9319855429431225
ray,SVM-RBF,30,100,50,1,116.65589779997633,27.50172443431472,2432.0786926661826,230.9922212589634,3,23.575082745898083,9.497728093893896
multiprocessing,LogisticRegression,15,100,100,8,12.243378300006347,2.852986635329976,263.202925335218,42.57092089944797,3,23.30228279664035,16.17418227598694
threading,SVM-RBF,15,100,100,2,118.92860283333964,27.633996553059127,2344.7851833328036,77.62525311724855,3,23.235786761729617,3.3105486024487094
multiprocessing,LogisticRegression,30,100,50,1,10.207576866649712,2.3510788113159853,228.25490799815023,55.252980940397535,3,23.032682898499168,24.20670005520552
ray,SVM-RBF,30,100,100,2,131.3151662000067,29.755949664636923,2887.073773998672,417.86997745180383,3,22.65994898054312,14.473824022620768
ray,LogisticRegression,30,100,50,8,13.082037900011832,2.932052439794537,334.3715360004343,19.36023159421654,3,22.41281107886016,5.790035786476572
serial,LogisticRegression,30,100,100,1,10.566299700003583,2.2306863399462977,204.0816880005847,3.1287673362227983,3,21.111329446253933,1.5330955789692577
multiprocessing,LogisticRegression,15,100,50,1,8.20681550000639,1.6962604567998507,181.89053399967068,18.402175043504112,3,20.66892397908214,10.117170277556847
multiprocessing,LogisticRegression,30,100,100,8,13.30282766664944,2.6969493375759988,271.6384419988282,16.18496889516029,3,20.273504289146928,5.958276294056386
joblib,LogisticRegression,15,100,50,8,8.403526433336083,1.6882859078023775,221.43552599966367,12.399479562329246,3,20.090207619328588,5.599589093191884
ray,SVM-RBF,15,100,50,8,45.01397913331554,8.309168149772836,1185.4818240000259,56.925687050238075,3,18.45908384407432,4.801902981368429
joblib,LogisticRegression,30,100,50,8,9.364594266652906,1.7104854838378598,248.75713833343445,28.306522450505422,3,18.265452139542845,11.37917996651148
threading,SVM-RBF,30,100,25,2,42.15573713334743,7.545888353761819,854.0442639983003,29.99653256071241,3,17.90002705893291,3.5122924917591987
ray,LogisticRegression,15,100,50,2,11.266970700002275,2.0079381657789046,318.6106109995354,161.54762192761777,3,17.821455466982787,50.703779582486455
joblib,SVM-RBF,15,100,50,8,38.020579033356626,6.769340686420367,1008.9920526670008,77.80947377440982,3,17.804412395932783,7.711604226092889
ray,LogisticRegression,30,100,25,8,11.713073766673915,2.083776102568831,319.60892400144036,15.150831730277382,3,17.790173135403613,4.740428252312849
joblib,SVM-RBF,30,100,25,2,43.63671313330997,7.485194703146493,884.4880550005961,28.053131075307476,3,17.153433807627206,3.171680037588362
threading,SVM-RBF,30,100,100,8,82.7643735333307,13.819331879241712,2138.4071586681735,51.96719128307622,3,16.697198672900505,2.4301822537594773
multiprocessing,SVM-RBF,30,100,50,8,47.975174266670365,7.9338743879427085,1260.102612333966,79.77505353661716,3,16.53745819419479,6.330837882230683
ray,SVM-RBF,15,100,100,2,118.16089590000531,19.447756368565546,2623.7652003342355,63.97093156554967,3,16.458707612561923,2.4381347674479623
ray,SVM-RBF,15,100,100,8,77.92947309999727,12.202602225985439,2017.5522860010562,64.40119201996605,3,15.658520121555739,3.1920457510230955
multiprocessing,SVM-RBF,15,100,50,8,36.6268587000086,5.715046287813725,1007.3096139990558,30.708203121673264,3,15.603430080156953,3.04853668573266
joblib,SVM-RBF,30,100,25,1,66.89520816667937,10.197314771466793,1099.762280000475,149.9283567086726,3,15.243714835386513,13.632796781192372
threading,SVM-RBF,30,100,50,8,44.31783120000424,6.599013828187078,1178.9575246658967,26.906482680687127,3,14.890200286214473,2.282226638174443
joblib,SVM-RBF,15,100,50,4,45.911966533322506,6.7021797663605085,1110.4057459999387,246.05624100984892,3,14.597893038400183,22.159128939689626
ray,LogisticRegression,15,100,100,8,15.56343080002504,2.2043088791826095,353.52965699975704,50.13254304972766,3,14.163386643381118,14.180576383656016
multiprocessing,LogisticRegression,15,100,50,2,6.672124499978963,0.929345256071743,164.36666133287926,36.35106428158292,3,13.928775700673349,22.115837838893547
joblib,SVM-RBF,15,100,100,8,66.97265196667286,8.98205712270292,1766.5781599994127,95.37802843294338,3,13.411529719881182,5.399026807451027
ray,LogisticRegression,30,100,50,4,10.780416266643442,1.4298354957855184,270.75561733135027,24.638000889096638,3,13.263267951996324,9.099719197679542
ray,SVM-RBF,30,100,50,8,51.88387713332971,6.833764416466034,1334.7789009984997,11.942322270976778,3,13.171267827392352,0.8947041537773155
threading,SVM-RBF,30,100,25,8,25.607192733325064,3.25881923786058,682.6354150003002,11.881743749196433,3,12.726187020178786,1.7405694882078757
threading,LogisticRegression,30,100,50,4,12.380167066624077,1.5729362542617469,285.3794823327885,49.96987731415628,3,12.70529101745529,17.50997545642931
ray,LogisticRegression,15,100,50,4,11.578402966668364,1.462000545477345,311.47529599904743,129.56658185609206,3,12.626962023053768,41.597707272582
joblib,SVM-RBF,30,100,100,8,89.5149482000076,11.245680276151873,2321.5472093330054,216.8609426019317,3,12.562907650937923,9.341224754341185
ray,LogisticRegression,15,100,50,8,15.289905333309434,1.9168891551399927,390.0678993349408,131.94621634195613,3,12.5369589500597,33.82647394643912
joblib,SVM-RBF,30,100,100,4,106.90547859998576,13.094804192626267,2698.230581333899,603.7023975700478,3,12.248955211756577,22.37401064780761
multiprocessing,SVM-RBF,15,100,100,4,83.27982526666408,10.17218733133217,2064.9660489992616,473.90902737329895,3,12.21446766820244,22.94996702744668
multiprocessing,SVM-RBF,15,100,50,4,41.39171923334167,5.019538914779158,1104.4345296674778,168.59923911343225,3,12.126915740034887,15.26566171054014
threading,SVM-RBF,15,100,50,8,38.38108736666618,4.503351011389684,978.6619749995348,75.31880257201156,3,11.733255413969399,7.696099827731365
multiprocessing,LogisticRegression,30,100,50,2,7.859756966664766,0.8784650545438513,192.25229033433683,49.08898872926699,3,11.176745773051834,25.53363012939854
joblib,SVM-RBF,30,100,50,4,53.881502499978524,6.015051933444623,1392.5997626664494,302.81056460365255,3,11.163482186576033,21.74426369453437
ray,LogisticRegression,30,100,50,1,13.327025133340308,1.4818283591703267,291.30749900017906,22.918256142089575,3,11.118973246799294,7.867375958651682
threading,SVM-RBF,15,100,100,8,66.81173076664952,7.42793018948618,1755.086636666281,136.0379010800251,3,11.117703589253502,7.75106471885763
threading,LogisticRegression,15,100,50,4,10.993799666680085,1.212702787841035,258.90740799920235,42.83536528453326,3,11.030788486318196,16.54466576123045
ray,LogisticRegression,30,100,25,2,10.225357200019062,1.115324899359706,234.4379493348689,8.352242968658523,3,10.907441936186121,3.5626667919400115
multiprocessing,SVM-RBF,15,100,100,8,71.21485663335382,7.516762187286202,1850.8243329997897,152.0607074331108,3,10.555047840629493,8.215836842097973
joblib,LogisticRegression,30,100,50,4,7.310028733336367,0.7648310495141712,185.8922056664103,20.237720267187893,3,10.462763929042659,10.886804099524834
ray,LogisticRegression,30,100,25,4,9.923511733320387,1.0217477133624022,259.9066323346846,17.481259876015244,3,10.296231221571071,6.725976832135794
joblib,LogisticRegression,15,100,50,4,6.465426999997969,0.6556358156021607,164.56691366531217,14.57921802182815,3,10.140642150972653,8.859142884260821
ray,LogisticRegression,15,100,50,1,11.653088833321817,1.0906885469965284,263.7142916666058,24.206488205045265,3,9.359651870821772,9.179058158762102
multiprocessing,SVM-RBF,30,100,50,4,54.02792233331517,4.706612144752934,1339.601874334792,238.20849351660766,3,8.711443900648947,17.78203644533531
ray,SVM-RBF,30,100,100,4,91.9644259333533,7.599105819553862,2274.9208256655525,416.4446336615762,3,8.263092758346517,18.305895702534652
multiprocessing,SVM-RBF,30,100,100,8,85.4832107333156,6.877809822316696,2303.0201173321166,166.22045834354495,3,8.045801933871664,7.217499191283635
threading,SVM-RBF,30,100,100,4,98.17264470002071,7.733211462739552,2415.3835383331184,388.41518444054526,3,7.877155073462048,16.08089060293069
ray,SVM-RBF,30,100,100,8,96.19430669998594,7.5533294134984725,2293.550828333005,95.01901897628375,3,7.8521584827842785,4.142878274267212
joblib,LogisticRegression,30,100,50,2,8.359503300006812,0.6483586878943468,195.3819496672435,22.26054938816226,3,7.755947508194875,11.393350013178994
ray,SVM-RBF,30,100,50,4,47.80386459998166,3.4913019151647684,1228.5437476666855,240.54003130331984,3,7.303388427650487,19.579280897417455
threading,SVM-RBF,30,100,50,4,50.318432100020196,3.6444450242924216,1271.8466979982884,167.73154653948114,3,7.242763480881509,13.18803176542169
joblib,SVM-RBF,30,100,50,8,46.38162966668218,3.3238942213675315,1237.709729334921,108.4790795091964,3,7.166402399515557,8.764500830698589
joblib,SVM-RBF,30,100,25,4,28.63975729997037,2.0019732611034615,753.0257283333331,102.01592809192927,3,6.9901893376223985,13.547469130665753
multiprocessing,LogisticRegression,30,100,50,4,7.718558499997016,0.5304856142510028,199.65156199999583,39.04042314222501,3,6.8728586335286295,19.55427884016546
multiprocessing,LogisticRegression,15,100,50,4,7.1939239000009065,0.464625155696192,202.66364166687393,58.79595016083418,3,6.458577574001491,29.01159264545308
multiprocessing,LogisticRegression,30,100,50,8,10.71412283333484,0.6588575752004129,259.58559666630214,24.40621891236325,3,6.149430853550697,9.401992724479816
threading,SVM-RBF,15,100,50,4,40.31627673333666,2.1743350383236923,994.3141393337983,141.04050501667223,3,5.393194050892556,14.184702745067163
joblib,LogisticRegression,15,100,50,2,6.12266043331086,0.32712894714656887,145.12320466711913,15.215995006672998,3,5.34292160588877,10.484880789102721
ray,SVM-RBF,15,100,100,4,79.01298363332171,4.048360547778192,1998.0050909992804,218.8001415720006,3,5.123664949251328,10.95093013314446
threading,LogisticRegression,30,100,50,8,13.03368826668399,0.6441582449868747,309.9615706666253,40.88830682192656,3,4.942256035334505,13.191411675321325
threading,LogisticRegression,15,100,50,8,11.631644599993402,0.4411310626051769,282.2413350007616,41.80512858899218,3,3.792508091292844,14.811837744772353
multiprocessing,SVM-RBF,30,100,100,4,96.90920876663101,3.5624910249519663,2471.223061333572,413.77952227197636,3,3.6761119714957857,16.74391635244308
threading,SVM-RBF,30,100,25,4,25.877610666677356,0.8969765428895159,665.4435383326468,65.48471176275898,3,3.466226285120497,9.840761535808017
joblib,SVM-RBF,15,100,100,4,81.90474149999984,2.5439445890633583,2076.1696913328965,336.26530313438604,3,3.1059796325263576,16.196426743832507
threading,SVM-RBF,15,100,100,4,77.01552739999413,2.1670523567931035,1926.9072026651677,320.4410845878472,3,2.813786297324335,16.62981404317939
multiprocessing,LogisticRegression,15,100,50,8,9.527486233331729,0.2542559157496739,238.07948100069976,33.40249446983745,3,2.6686568683790317,14.02997617830798
ray,LogisticRegression,30,100,50,2,11.063081400003284,0.16235523350816772,262.408264332796,24.972074248462523,3,1.4675408020420018,9.516496864897517
