model,feature_count,n_rows,background_size,strategy,n_cores,median_elapsed_seconds,median_energy_joules,mean_elapsed_seconds,mean_energy_joules,std_elapsed_seconds,std_energy_joules,repeats,median_elapsed_minutes,energy_per_second,time_energy_product
LogisticRegression,15,100,25,multiprocessing,2,5.752745100005996,144.78714599965025,10.306520300005408,175.83811166644037,8.238750943482456,65.78135920409495,3,0.09587908500009994,25.168357624519004,832.9235446933408
LogisticRegression,15,100,25,joblib,1,6.022432700032368,88.51564899927666,8.367929266688103,122.26982066667614,5.978555723631564,59.85539429756882,3,0.1003738783338728,14.697656812138543,533.0795389978312
LogisticRegression,15,100,25,joblib,2,6.088092899997719,153.81445999943372,10.194296833321763,178.31635733337598,7.518676532383505,53.10679649250879,3,0.10146821499996198,25.26480172460761,936.4367218395355
LogisticRegression,15,100,25,multiprocessing,4,6.248325900000054,168.57388499817438,9.208825066666273,177.50462266634682,6.030945007354627,32.394138132785116,3,0.10413876500000091,26.979048099615436,1053.3045716977235
LogisticRegression,15,100,25,serial,1,6.3327923999750055,95.06913999934864,8.63882583331239,128.90070900080445,6.199743283147758,60.599065710751645,3,0.10554653999958342,15.012199041882987,602.0531272600349
LogisticRegression,15,100,25,joblib,4,6.341008900024463,165.29839699919793,9.013963233330287,172.55239933268925,5.946756470586933,33.79919849026441,3,0.10568348166707439,26.06815407538069,1048.1586065316912
LogisticRegression,15,100,25,threading,1,6.377760600007605,94.82574599997476,8.580854366688678,126.83490466662214,5.999169027954377,59.65111826855484,3,0.10629601000012674,14.868188373182537,604.7759067049677
LogisticRegression,15,100,25,multiprocessing,1,8.099229499988724,152.47880700061944,12.7191766333223,200.24685933369423,9.77268426501514,87.15049233213199,3,0.1349871583331454,18.826334900231156,1234.960851782504
LogisticRegression,15,100,25,multiprocessing,8,8.67588870000327,231.5342279979912,10.789547599987904,232.4801826662795,5.7282575752452445,26.138332056782403,3,0.1445981450000545,26.687090625990155,2008.7651923517526
LogisticRegression,15,100,25,joblib,8,8.83026910002809,216.6129940025428,10.53408636666912,224.74511199982518,5.565124982205242,24.41399646575502,3,0.14717115166713485,24.530735309284484,1912.7510276052237
LogisticRegression,15,100,25,ray,2,9.137242699973283,221.7906149987056,15.347520966664888,267.76405066789715,11.773663443518663,91.64964697374204,3,0.15228737833288805,24.273254227925246,2026.5546778195078
LogisticRegression,15,100,25,ray,4,9.988051799999084,253.64945199750213,14.65926919997825,272.88698766513716,9.78022543899899,58.44849166022091,3,0.16646752999998474,25.395287997758018,2533.4638655924323
LogisticRegression,15,100,25,ray,1,10.509267600020394,227.4828880009613,18.026699366688263,292.76561066644143,13.506159412912004,118.02245012933594,3,0.1751544600003399,21.645931634714476,2390.6785444275706
LogisticRegression,15,100,25,threading,4,10.834826399979647,259.0475760014366,19.159805233318668,317.16318666794035,15.889455436307383,138.05918603276444,3,0.18058043999966078,23.908788792584918,2806.7355153110993
LogisticRegression,15,100,25,threading,8,11.231746099947486,279.26491800146505,19.949024099992435,334.7633560007002,16.061569156227172,134.6260226362445,3,0.1871957683324581,24.863891643951135,3136.6326536151096
LogisticRegression,15,100,25,ray,8,14.557018599996807,321.1789349989225,16.798337333331194,344.2803830006371,9.303718040485636,45.17228459969746,3,0.24261697666661344,22.063510655883405,4675.40773070648
LogisticRegression,15,100,25,threading,2,16.390697699971497,226.43487099959225,16.566368466670003,232.51858033394578,11.384483017805639,116.81857537807853,3,0.27317829499952495,13.814840292002092,3711.4255192863593
LogisticRegression,15,100,50,joblib,1,5.0050260000280105,114.08294400211405,6.051062433359523,124.5405753343587,1.8305233902293432,20.593891139087777,3,0.08341710000046684,22.793676596580234,570.9881008903204
LogisticRegression,15,100,50,serial,1,5.055504700052552,119.24332200057842,6.3668142333432725,131.63084233401707,2.3456158240146583,23.67792391889185,3,0.08425841166754253,23.586828432646673,602.8351748238041
LogisticRegression,15,100,50,threading,1,5.098005799984094,116.56262900069936,6.303695566641788,126.9350856678064,2.1075532081696697,20.979749594712878,3,0.08496676333306823,22.86435786343418,594.2369587069595
LogisticRegression,15,100,50,joblib,2,5.956821399973705,137.0440649986482,6.12266043331086,145.12320466711913,0.32712894714656887,15.215995006672998,3,0.09928035666622842,23.006240374984742,816.347019123335
LogisticRegression,15,100,50,multiprocessing,2,6.227206199953798,144.2061809988182,6.672124499978963,164.36666133287926,0.929345256071743,36.35106428158292,3,0.10378676999922996,23.157444344767022,898.0016243875003
LogisticRegression,15,100,50,joblib,4,6.738539199985098,157.63154900012566,6.465426999997969,164.56691366531217,0.6556358156021607,14.57921802182815,3,0.1123089866664183,23.39254018147943,1062.2063720917185
LogisticRegression,15,100,50,threading,2,6.852103499986697,164.12804099952828,9.674891199994212,190.03303666632328,5.582426365492597,68.82104970335403,3,0.11420172499977828,23.952942479611835,1124.6223241788277
LogisticRegression,15,100,50,multiprocessing,4,7.112762400007341,176.1920380000559,7.1939239000009065,202.66364166687393,0.464625155696192,58.79595016083418,3,0.11854604000012235,24.7712531491104,1253.2121030674623
LogisticRegression,15,100,50,multiprocessing,1,7.237602500012144,175.14610700214428,8.20681550000639,181.89053399967068,1.6962604567998507,18.402175043504112,3,0.12062670833353573,24.19946480921692,1267.6379019061137
LogisticRegression,15,100,50,joblib,8,9.164808299974538,216.42538299954103,8.403526433336083,221.43552599966367,1.6882859078023775,12.399479562329246,3,0.15274680499957563,23.614829237633078,1983.497146439362
LogisticRegression,15,100,50,multiprocessing,8,9.485692799964454,218.91109800252215,9.527486233331729,238.07948100069976,0.2542559157496739,33.40249446983745,3,0.15809487999940758,23.078029472274547,2076.5234261548376
LogisticRegression,15,100,50,ray,2,10.192768700013405,225.4520460000076,11.266970700002275,318.6106109995354,2.0079381657789046,161.54762192761777,3,0.16987947833355674,22.118822925875982,2297.9805578228597
LogisticRegression,15,100,50,threading,4,10.500176200002898,236.5604059996529,10.993799666680085,258.90740799920235,1.212702787841035,42.83536528453326,3,0.17500293666671496,22.52918441498035,2483.9259449405777
LogisticRegression,15,100,50,ray,4,10.87698719999753,238.70950700026205,11.578402966668364,311.47529599904743,1.462000545477345,129.56658185609206,3,0.18128311999995883,21.946289226148604,2596.440252159571
LogisticRegression,15,100,50,ray,1,11.107555499998853,250.22589299939503,11.653088833321817,263.7142916666058,1.0906885469965284,24.206488205045265,3,0.18512592499998087,22.527539295160025,2779.3979940275544
LogisticRegression,15,100,50,threading,8,11.499443999957291,258.36794899901093,11.631644599993402,282.2413350007616,0.4411310626051769,41.80512858899218,3,0.19165739999928819,22.467864446313275,2971.0877608979476
LogisticRegression,15,100,50,ray,8,14.725130999984684,325.26336500323663,15.289905333309434,390.0678993349408,1.9168891551399927,131.94621634195613,3,0.24541884999974473,22.088996356200497,4789.545659168493
LogisticRegression,15,100,100,joblib,1,6.381446100014728,143.8599180000444,12.29313030000776,204.76147800020104,10.273358645100766,108.09311724925162,3,0.10635743500024546,22.54346675430078,918.0343126698218
LogisticRegression,15,100,100,serial,1,6.3961831999477,147.08235600323084,12.27457896664661,201.54536866905937,10.187470582722518,94.55409553006571,3,0.10660305333246166,22.99533196679443,940.7656944765919
LogisticRegression,15,100,100,threading,1,6.590943899995182,143.82790199969352,12.417223966661064,205.406400000388,10.161352032936296,107.76989241949485,3,0.1098490649999197,21.82204919082966,947.9616333339849
LogisticRegression,15,100,100,joblib,2,6.940110000025015,157.61289399878197,11.54279556668674,214.6316083340538,8.06445173420659,100.3032302614817,3,0.11566850000041692,22.710431678779422,1093.8508217738295
LogisticRegression,15,100,100,multiprocessing,2,7.434819700021762,166.18300399834362,11.20215376666359,204.4025826653917,6.6232819332872435,69.23446163195023,3,0.12391366166702937,22.35198844134138,1235.5406719356804
LogisticRegression,15,100,100,joblib,4,7.679149800038431,173.00992399835735,9.713139433336133,218.56426333272114,3.5864821188318174,80.59149656899051,3,0.1279858300006405,22.529827976202718,1328.5691232766499
LogisticRegression,15,100,100,multiprocessing,4,7.866050900018308,175.62832399947715,9.88548520001738,194.88191966647582,3.553818797094079,38.28316521322112,3,0.13110084833363847,22.327382091955236,1381.5013360647943
LogisticRegression,15,100,100,threading,2,8.455349099996965,186.8980400023812,17.05304326666131,279.6949736678018,14.97551086342034,162.44171388027618,3,0.14092248499994942,22.1041186817997,1580.2881743253308
LogisticRegression,15,100,100,multiprocessing,1,8.780144800024573,201.07979300172383,15.095212800020818,256.6194723321841,10.970837419845173,98.7581003642011,3,0.14633574666707622,22.90164884309893,1765.509698914103
LogisticRegression,15,100,100,joblib,8,9.910698499996217,226.41318900059605,11.731748700006088,253.8205086664358,3.179690707924742,48.25476221404921,3,0.16517830833327027,22.845331133893588,2243.9128526075674
LogisticRegression,15,100,100,ray,2,10.684473900008015,247.87776000160244,17.262370666663628,313.39843266727786,11.404489325223526,116.74446226755377,3,0.17807456500013358,23.19980958551609,2648.443457129572
LogisticRegression,15,100,100,multiprocessing,8,10.821936299966184,240.2280060029016,12.243378300006347,263.202925335218,2.852986635329976,42.57092089944797,3,0.1803656049994364,22.19824616816976,2599.7321784312953
LogisticRegression,15,100,100,threading,4,11.14044119999744,247.3929229994565,19.7366124666684,335.32382466609505,14.966648791947463,156.65595943603458,3,0.18567401999995733,22.206743750823204,2756.0663119709393
LogisticRegression,15,100,100,ray,4,11.343043200031389,255.3630669997364,13.840693200007081,300.05819033333546,4.367489004233946,78.69177231603733,3,0.18905072000052314,22.51274746084276,2896.5943006705197
LogisticRegression,15,100,100,ray,1,12.230435199977364,277.3589809982435,19.82990999999068,351.529700665848,13.191219776353956,129.11011469290938,3,0.2038405866662894,22.67776873538865,3392.2210442307705
LogisticRegression,15,100,100,threading,8,12.460077099967748,274.1871739978974,20.95599989996602,362.04270866643515,14.903193323575382,158.13064075931425,3,0.20766795166612914,22.00525500749968,3416.3933278360737
LogisticRegression,15,100,100,ray,8,14.31196150003234,325.61369599994896,15.56343080002504,353.52965699975704,2.2043088791826095,50.13254304972766,3,0.23853269166720564,22.751157903772533,4660.170681034504
LogisticRegression,30,100,25,multiprocessing,2,6.814578299992718,169.41650399753678,12.226878133330805,204.45594966489043,9.446164463076101,79.41970648264885,3,0.11357630499987863,24.860893299548383,1154.5020318022437
LogisticRegression,30,100,25,joblib,4,6.917402399994899,184.6415620003379,10.118741933333999,189.1676653330086,6.1915800591628,36.933838365642295,3,0.11529003999991498,26.692326298738102,1277.2399841199442
LogisticRegression,30,100,25,multiprocessing,4,7.518507700006012,182.54378800190847,10.268378533345336,192.85319066813665,6.47557478362396,34.257058957557696,3,0.12530846166676687,24.27925797053616,1372.4568756806138
LogisticRegression,30,100,25,joblib,2,7.704013999958988,185.84040399916708,12.2960178333063,208.95206200108734,8.4800751829003,64.18742840001087,3,0.1284002333326498,24.12254235261727,1431.7170741676175
LogisticRegression,30,100,25,serial,1,8.270380500005558,122.8680250016892,11.51385836668002,169.8664703336281,8.213914993036383,83.33480673675828,3,0.13783967500009264,14.856393245946379,1016.1653180481658
LogisticRegression,30,100,25,threading,1,8.354928400018252,140.36363600237743,11.478837666645026,173.60788633400406,8.059926559569206,77.58652006978899,3,0.13924880666697087,16.800100405656472,1172.7281287660876
LogisticRegression,30,100,25,joblib,1,9.43686010001693,142.30245600078825,11.744378799999444,172.18378066738288,7.813215256978702,74.34123051241866,3,0.15728100166694883,15.079428378993663,1342.8883691682533
LogisticRegression,30,100,25,multiprocessing,1,9.670882900012655,179.16603900072215,15.403823599995425,237.07079966625022,11.743815663582007,110.63221120429465,3,0.1611813816668776,18.526337342011214,1732.6937828350842
LogisticRegression,30,100,25,joblib,8,9.674227999988943,245.9761610010568,11.352601233326519,243.02810133320986,5.647217677664376,23.155533092954432,3,0.16123713333314907,25.42592142766719,2379.629464086212
LogisticRegression,30,100,25,ray,2,9.791542700026184,235.0452310031337,10.225357200019062,234.4379493348689,1.115324899359706,8.352242968658523,3,0.16319237833376973,24.00492324896925,2301.4554158047017
LogisticRegression,30,100,25,multiprocessing,8,10.272423300019,232.93802600165077,11.602673333332254,243.73684233414338,5.817490292281229,25.056989191988816,3,0.17120705500031666,22.676054052525263,2392.8380057597888
LogisticRegression,30,100,25,ray,4,10.462911600014197,263.31918600150385,9.923511733320387,259.9066323346846,1.0217477133624022,17.481259876015244,3,0.17438186000023662,25.166913003560747,2755.0853657214307
LogisticRegression,30,100,25,ray,8,12.451180100033524,313.83192499994107,11.713073766673915,319.60892400144036,2.083776102568831,15.150831730277382,3,0.20751966833389207,25.20499442451211,3907.5778193144793
LogisticRegression,30,100,25,ray,1,12.642863699991722,263.3673940016519,15.152944499995405,273.6970436679274,5.653021119927056,26.105506732728532,3,0.21071439499986203,20.831308495544754,3329.7180653849027
LogisticRegression,30,100,25,threading,4,12.751612799998838,301.1241249998769,22.354665599996224,365.84119733222565,17.881216984494415,160.7670496468425,3,0.21252687999998063,23.614591324471863,3839.818246736881
LogisticRegression,30,100,25,threading,8,13.557907500013243,349.49661899870006,23.037747166662786,390.7375443318442,17.492251293351238,142.55153632661322,3,0.22596512500022073,25.77806486718977,4738.4428319517465
LogisticRegression,30,100,25,threading,2,18.97984760004329,283.0571149985424,19.577645100012887,284.6073569988415,13.045371959619652,130.60491052679652,3,0.31633079333405484,14.913561002349502,5372.3809047802615
LogisticRegression,30,100,50,joblib,1,6.578970499977004,147.4005300015291,8.159826333304713,162.78161966650634,2.8747858491773264,31.640474434208972,3,0.10964950833295006,22.40480178502766,969.7437385610352
LogisticRegression,30,100,50,serial,1,6.651065799989738,147.93054800061878,8.370689766656142,180.94959233325855,3.0077049474278437,59.7870939806299,3,0.11085109666649563,22.241630506925226,983.8958085806559
LogisticRegression,30,100,50,threading,1,6.976528899976984,149.76362899771223,8.223226699997516,178.0289356653808,2.416099344290183,53.89885782403739,3,0.11627548166628306,21.46678257123056,1044.8302858679704
LogisticRegression,30,100,50,multiprocessing,2,7.408384799957275,164.60703200054104,7.859756966664766,192.25229033433683,0.8784650545438513,49.08898872926699,3,0.12347307999928793,22.219017565271493,1219.472233838889
LogisticRegression,30,100,50,joblib,4,7.52473150001606,175.10429800008387,7.310028733336367,185.8922056664103,0.7648310495141712,20.237720267187893,3,0.12541219166693432,23.27050446912427,1317.6128269494302
LogisticRegression,30,100,50,multiprocessing,4,7.942950299999211,178.38734900094133,7.718558499997016,199.65156199999583,0.5304856142510028,39.04042314222501,3,0.13238250499998686,22.45857549945378,1416.921847263091
LogisticRegression,30,100,50,joblib,2,8.222504400007892,182.8582360006104,8.359503300006812,195.3819496672435,0.6483586878943468,22.26054938816226,3,0.13704174000013153,22.238751979316042,1503.5526500927006
LogisticRegression,30,100,50,threading,2,8.837726700003259,200.3303699970704,12.266184600011911,248.47645466612167,5.948247961632002,84.26311795310895,3,0.14729544500005431,22.667635784324098,1770.4650597446407
LogisticRegression,30,100,50,multiprocessing,1,8.932443699974101,196.5285989970089,10.207576866649712,228.25490799815023,2.3510788113159853,55.252980940397535,3,0.148874061666235,22.00166109052316,1755.4806459755687
LogisticRegression,30,100,50,joblib,8,9.940882799972314,238.54384999969503,9.364594266652906,248.75713833343445,1.7104854838378598,28.306522450505422,3,0.16568137999953858,23.996244076065295,2371.336455501144
LogisticRegression,30,100,50,multiprocessing,8,10.966112099995373,248.8118780011539,10.71412283333484,259.58559666630214,0.6588575752004129,24.40621891236325,3,0.18276853499992288,22.689160545902034,2728.4989459710264
LogisticRegression,30,100,50,ray,2,10.979643900005613,249.7321199996572,11.063081400003284,262.408264332796,0.16235523350816772,24.972074248462523,3,0.18299406500009355,22.74501088323361,2741.969747989706
LogisticRegression,30,100,50,ray,4,11.48077009996632,258.2099289980766,10.780416266643442,270.75561733135027,1.4298354957855184,24.638000889096638,3,0.191346168332772,22.490645379166164,2964.448832355544
LogisticRegression,30,100,50,threading,4,11.48101249994943,258.77402500018576,12.380167066624077,285.3794823327885,1.5729362542617469,49.96987731415628,3,0.19135020833249047,22.53930348053585,2970.9878156893587
LogisticRegression,30,100,50,ray,1,12.5153994000284,280.70812999957394,13.327025133340308,291.30749900017906,1.4818283591703267,22.918256142089575,3,0.20858999000047335,22.42901892519203,3513.174361779762
LogisticRegression,30,100,50,threading,8,12.694559400028083,287.1458030005547,13.03368826668399,309.9615706666253,0.6441582449868747,40.88830682192656,3,0.21157599000046806,22.619595840397537,3645.1894526593037
LogisticRegression,30,100,50,ray,8,14.628933399973905,330.6303790025611,13.082037900011832,334.3715360004343,2.932052439794537,19.36023159421654,3,0.24381555666623175,22.60112681920822,4836.769794436596
LogisticRegression,30,100,100,joblib,4,9.20353509997949,202.4784090017384,13.174088833349137,227.09264900059313,6.919190597330917,44.2315450507371,3,0.15339225166632484,22.00006919104265,1863.5171442355027
LogisticRegression,30,100,100,joblib,1,9.23787449998781,200.0719990019717,17.54502869998881,277.2220370012346,14.396656670464138,134.8925664887523,3,0.15396457499979685,21.657795741026327,1848.240017741901
LogisticRegression,30,100,100,serial,1,9.313806299993304,205.4190960019464,10.566299700003583,204.0816880005847,2.2306863399462977,3.1287673362227983,3,0.1552301049998884,22.055332630451428,1913.2336704818579
LogisticRegression,30,100,100,threading,1,9.408789900015108,205.55434100134607,17.56170543333671,281.55621766723374,14.264720108712863,133.87884867145704,3,0.1568131650002518,21.84705399798714,1934.0176075177264
LogisticRegression,30,100,100,multiprocessing,2,9.435063499957325,208.73825999819795,14.052309133325858,249.18173633264874,8.016472906372595,70.82794258956865,3,0.15725105833262207,22.12367304143126,1969.4587379535997
LogisticRegression,30,100,100,multiprocessing,4,9.437447500007693,207.70235900221533,11.410161066664537,220.96596833414696,3.718989482112317,26.829318378419345,3,0.15729079166679488,22.008319410735375,1960.1801087111573
LogisticRegression,30,100,100,joblib,2,10.433950599981472,233.14486300022307,16.65070036664838,277.5895696665198,11.106210442138591,86.16508634843402,3,0.17389917666635787,22.344831017374865,2432.6219831837757
LogisticRegression,30,100,100,threading,2,10.998702800017782,243.72553799747453,22.18649653333705,351.65783199974095,19.494188165409383,187.6906247938551,3,0.1833117133336297,22.159480297720247,2680.6647572086636
LogisticRegression,30,100,100,multiprocessing,1,11.460297400015406,253.76504399901023,18.726238700017955,328.58251499882084,12.64325045370899,134.23828093703713,3,0.19100495666692344,22.142971961501548,2908.222873956652
LogisticRegression,30,100,100,joblib,8,11.858421800017824,257.5655050020109,14.528211666678544,271.18473900134,4.70085067013109,24.530688517099488,3,0.19764036333363041,21.720049206010177,3054.320399448446
LogisticRegression,30,100,100,multiprocessing,8,12.02120819996344,264.68398199916976,13.30282766664944,271.6384419988282,2.6969493375759988,16.18496889516029,3,0.20035346999939066,22.018084837759883,3181.821254807395
LogisticRegression,30,100,100,ray,2,12.931956900050864,286.10499300086855,22.07422753336141,362.39392166722564,15.87466051045606,135.48218046641992,3,0.21553261500084772,22.12387461635781,3699.8974383765863
LogisticRegression,30,100,100,ray,4,13.476776600000449,293.72531400168043,19.0550111666477,329.82363700157504,10.128421566254715,69.64581814875356,3,0.2246129433333408,21.79492342417182,3958.470438565631
LogisticRegression,30,100,100,threading,4,13.652176899951884,296.4172970018941,24.525086299981922,396.73361633389413,19.111062476573213,176.3721455852321,3,0.22753628166586473,21.712090253015898,4046.7413748754357
LogisticRegression,30,100,100,threading,8,14.552630799997132,320.3511100018708,25.865173866661888,420.2403730002081,19.805060468417235,177.43762265410834,3,0.24254384666661888,22.013278176612157,4661.951430226494
LogisticRegression,30,100,100,ray,1,15.394007900031283,336.98775100029496,28.734749366684508,464.0581769988439,23.2482776275898,225.4562863295755,3,0.2565667983338547,21.890839162139844,5187.5921011123155
LogisticRegression,30,100,100,ray,8,16.151738300046418,357.5757729988194,21.189262700014904,391.45796200043543,8.73712003044065,61.52135001410461,3,0.269195638334107,22.138531863025033,5775.470307913735
SVM-RBF,15,100,25,threading,4,23.00582019996364,615.159967002144,38.10716656665318,658.4872539994848,27.226539035242595,201.1602082491827,3,0.3834303366660607,26.73931907905271,14152.25959506689
SVM-RBF,15,100,25,joblib,4,24.433266799955163,716.1664680009018,39.490379266634896,717.5439846659215,26.098999855148822,166.52991405301466,3,0.40722111333258604,29.311122162436995,17498.286385847587
SVM-RBF,15,100,25,multiprocessing,4,24.8550323000527,716.7293769999346,39.93894406670006,720.2233820002822,26.213560331280274,170.38138890840423,3,0.41425053833421166,28.83638887881932,17814.331815730024
SVM-RBF,15,100,25,joblib,8,25.47155010001734,657.4426770006246,31.752825666665256,649.8404879998568,17.311075287989915,58.05388717934837,3,0.424525835000289,25.810862488505443,16746.084085110928
SVM-RBF,15,100,25,threading,8,25.58061380003346,622.7671439995851,37.33104230003664,687.3476716655387,27.018136993802386,168.69383620073742,3,0.426343563333891,24.34527759450285,15930.76579800321
SVM-RBF,15,100,25,ray,4,27.408862499985844,773.5026669976878,45.49730983331877,829.5571109998824,32.20545652806985,204.52640479191732,3,0.4568143749997641,28.220896324978366,21200.828243111962
SVM-RBF,15,100,25,multiprocessing,8,28.11511320003774,661.505016999047,33.32176203335015,665.9205506665857,16.974712443371736,51.02404056151666,3,0.468585220000629,23.528449353643687,18598.288435321097
SVM-RBF,15,100,25,ray,8,29.476641900022518,764.2342760004427,39.09239200002048,788.8234486678639,24.021117012074427,105.42265413407493,3,0.4912773650003753,25.9267754648761,22527.060081388023
SVM-RBF,15,100,25,threading,2,39.02738599997247,866.1627520008916,61.329970366651345,991.0522073329834,46.695196041124824,401.7989341405211,3,0.6504564333328745,22.193716791626848,33804.06806113723
SVM-RBF,15,100,25,joblib,2,43.01386250002543,753.9936840016879,64.48503893334419,982.603990666143,49.10486540825611,461.3631556800105,3,0.7168977083337572,17.529085745351097,32432.18064953623
SVM-RBF,15,100,25,ray,2,43.80674159998307,842.3939629986646,71.42960166665337,1118.9809983335365,57.1990879377968,535.4860133220365,3,0.7301123599997178,19.229779075807595,36902.5346624682
SVM-RBF,15,100,25,multiprocessing,2,47.11830870003905,920.1607529991796,66.70350520000405,1050.0970423327158,49.11455562723258,437.776579598044,3,0.7853051450006509,19.52873051656069,43356.41841347573
SVM-RBF,15,100,25,joblib,1,53.40272100002039,1018.1456830009598,91.15773803331346,1401.605219333426,74.31191995649175,696.564496261127,3,0.8900453500003399,19.06542707815527,54371.74984667546
SVM-RBF,15,100,25,multiprocessing,1,54.8538230000413,1241.168581999429,94.92733383333932,1521.8070460014605,78.24398948295847,691.0619003808167,3,0.9142303833340217,22.62683827886517,68082.84171020893
SVM-RBF,15,100,25,threading,1,64.23354470002232,1044.9042649984929,93.62523793332123,1392.9866199992985,69.9413595608173,674.1968455944149,3,1.0705590783337053,16.267267669537933,67117.90481302467
SVM-RBF,15,100,25,serial,1,74.1448579999851,1297.4040779986017,101.59128466667607,1535.8600576653625,74.09170272356525,698.6350793499199,3,1.235747633333085,17.4982340380079,96195.84113180792
SVM-RBF,15,100,25,ray,1,80.21591020002961,1321.8038110009024,110.56632466666633,1667.8383739998462,82.4190904636432,775.3648090952177,3,1.33693183666716,16.47807533075171,106029.69580530531
SVM-RBF,15,100,50,multiprocessing,8,36.582000599999446,991.4146459992336,36.6268587000086,1007.3096139990558,5.715046287813725,30.708203121673264,3,0.6097000099999907,27.101159852893574,36267.931174792204
SVM-RBF,15,100,50,threading,8,39.646825000003446,942.0043780005384,38.38108736666618,978.6619749995348,4.503351011389684,75.31880257201156,3,0.660780416666724,23.759894468231856,37347.48272382444
SVM-RBF,15,100,50,joblib,8,41.21004070003983,967.6179359999092,38.020579033356626,1008.9920526670008,6.769340686420367,77.80947377440982,3,0.6868340116673306,23.480149972260858,39875.57452464479
SVM-RBF,15,100,50,threading,4,41.55760880000889,918.725559001099,40.31627673333666,994.3141393337983,2.1743350383236923,141.04050501667223,3,0.6926268133334815,22.107276754597642,38180.03737553716
SVM-RBF,15,100,50,joblib,4,43.36322419997305,972.1708489984716,45.911966533322506,1110.4057459999387,6.7021797663605085,246.05624100984892,3,0.7227204033328841,22.419247344598418,42156.46248579887
SVM-RBF,15,100,50,multiprocessing,4,43.68083099997602,1038.3112369997282,41.39171923334167,1104.4345296674778,5.019538914779158,168.59923911343225,3,0.7280138499996003,23.770409427428206,45354.29766876117
SVM-RBF,15,100,50,ray,4,46.84816430002684,1099.0597089990506,60.24385966667129,1438.4770643343647,25.512094836475974,609.3560297174986,3,0.7808027383337807,23.46003787812068,51488.92982272721
SVM-RBF,15,100,50,ray,8,47.99464019999141,1169.5046879995564,45.01397913331554,1185.4818240000259,8.309168149772836,56.925687050238075,3,0.7999106699998568,24.367401925012572,56129.95671274192
SVM-RBF,15,100,50,threading,2,52.91058249998605,1291.6817520015666,60.62274076665441,1283.4013730002855,16.932290085027976,76.25198193153815,3,0.8818430416664341,24.412540761612426,68343.63390300541
SVM-RBF,15,100,50,multiprocessing,2,55.39377389999572,1382.6878229993677,61.90614846666964,1350.314971998355,18.783842923076453,81.05333479661752,3,0.9232295649999287,24.961069189753733,76592.29664150428
SVM-RBF,15,100,50,joblib,2,55.69698990002507,1309.5519350008856,66.46552920001947,1392.6253676672004,20.778866264227013,221.89362124603687,3,0.9282831650004179,23.512077355553753,72938.10089730262
SVM-RBF,15,100,50,ray,2,58.7117869000067,1374.1369540011483,70.29707306666144,1593.1618570008923,21.26363065528505,407.8463852642529,3,0.9785297816667783,23.404788485512633,80678.03601473973
SVM-RBF,15,100,50,threading,1,82.05950189998839,1808.09821000023,96.5190624333142,1819.4526106665369,26.1749339381776,51.36987616730272,3,1.3676583649998064,22.03398958238724,148371.63849887947
SVM-RBF,15,100,50,joblib,1,83.63091130001703,1905.9216709995108,97.68998383334838,1960.8357926668243,25.440932468728374,122.21529467451329,3,1.3938485216669505,22.789679573886488,159393.96621214034
SVM-RBF,15,100,50,multiprocessing,1,85.23201470001368,1977.946590001095,100.06830183333174,1948.3868646667233,25.72835504557332,57.907706874781,3,1.4205335783335613,23.206615459727924,168584.37283481527
SVM-RBF,15,100,50,serial,1,86.70304160000524,1976.6436649987563,102.98085980000906,1978.0055066658442,28.61315738577907,35.39222759457712,3,1.4450506933334206,22.797858397145745,171381.01791477398
SVM-RBF,15,100,50,ray,1,89.76930260000518,2035.881112998106,107.37459686666261,2164.288355332781,32.19328083161407,249.34148578544608,3,1.4961550433334196,22.679034525528202,182759.6276903623
SVM-RBF,15,100,100,threading,8,66.90219160000561,1706.446721998578,66.81173076664952,1755.086636666281,7.42793018948618,136.0379010800251,3,1.1150365266667601,25.50658926393728,114165.02555035036
SVM-RBF,15,100,100,joblib,8,69.76036969997222,1740.184170002057,66.97265196667286,1766.5781599994127,8.98205712270292,95.37802843294338,3,1.1626728283328702,24.945168402723503,121395.8910453828
SVM-RBF,15,100,100,multiprocessing,8,73.71649040002376,1780.059676999013,71.21485663335382,1850.8243329997897,7.516762187286202,152.0607074331108,3,1.2286081733337293,24.147374180993825,131219.75209096711
SVM-RBF,15,100,100,threading,4,77.46672219998436,1782.3329469977557,77.01552739999413,1926.9072026651677,2.1670523567931035,320.4410845878472,3,1.291112036666406,23.007723786177124,138071.4912729546
SVM-RBF,15,100,100,ray,4,80.60547169996426,1874.0283479996344,79.01298363332171,1998.0050909992804,4.048360547778192,218.8001415720006,3,1.3434245283327375,23.249393725717326,151056.9389696153
SVM-RBF,15,100,100,multiprocessing,4,80.65210750000551,1792.5166889988352,83.27982526666408,2064.9660489992616,10.17218733133217,473.90902737329895,3,1.3442017916667586,22.225292612455448,144570.248696688
SVM-RBF,15,100,100,joblib,4,82.05530219996581,1925.047168997529,81.90474149999984,2076.1696913328965,2.5439445890633583,336.26530313438604,3,1.3675883699994302,23.460362918489515,157960.3272012809
SVM-RBF,15,100,100,ray,8,83.43982410000172,1982.41741499946,77.92947309999727,2017.5522860010562,12.202602225985439,64.40119201996605,3,1.3906637350000286,23.758648060230264,165412.56040033506
SVM-RBF,15,100,100,threading,2,103.17522219999228,2303.3379379988337,118.92860283333964,2344.7851833328036,27.633996553059127,77.62525311724855,3,1.719587036666538,22.324526072103833,237647.4035547017
SVM-RBF,15,100,100,multiprocessing,2,107.37856489996192,2528.1034500003407,125.9037460333202,2733.292236333851,35.249932304292315,466.45267099728164,3,1.7896427483326987,23.543837192791887,271464.1203796792
SVM-RBF,15,100,100,ray,2,107.49280629999704,2605.4724990017044,118.16089590000531,2623.7652003342355,19.447756368565546,63.97093156554967,3,1.7915467716666174,24.23857547946235,280069.55065515946
SVM-RBF,15,100,100,joblib,2,112.2339991000481,2483.4273910007696,136.90160699999737,2859.4432516667657,43.28144958424062,658.4696213370489,3,1.8705666516674682,22.127228922734744,278724.98756661516
SVM-RBF,15,100,100,threading,1,160.57281959999818,3551.569903000673,191.22441030000724,3754.282827000799,55.56584517651153,370.19908946809056,3,2.6762136599999695,22.11812629215806,570285.5933313101
SVM-RBF,15,100,100,joblib,1,163.41951069998322,3702.088272999182,198.28556073332825,3959.607171999693,61.18364119459739,452.2324405634329,3,2.723658511666387,22.653894000427712,604993.4541416722
SVM-RBF,15,100,100,serial,1,169.87800060003065,3862.4157439973496,203.61220633335566,3851.4972386653576,58.81536085300714,33.30390258719156,3,2.831300010000511,22.73640924872442,656139.4640763496
SVM-RBF,15,100,100,multiprocessing,1,171.7918403999647,3855.238248000903,199.8985979333132,4378.900651332659,56.89916885913635,967.4725964954883,3,2.8631973399994117,22.441335042602493,662298.4738044107
SVM-RBF,15,100,100,ray,1,175.04733769997256,4102.9384959992585,204.22174923333418,4079.136503333089,57.895847864219164,207.02886710959135,3,2.917455628332876,23.43902255189741,718208.4604713997
SVM-RBF,30,100,25,threading,8,26.18189559999155,683.6657269988056,25.607192733325064,682.6354150003002,3.25881923786058,11.881743749196433,3,0.4363649266665258,26.11215541624214,17899.66468957505
SVM-RBF,30,100,25,threading,4,26.295492400007788,701.0454830007618,25.877610666677356,665.4435383326468,0.8969765428895159,65.48471176275898,3,0.4382582066667965,26.660291137980522,18434.33617030632
SVM-RBF,30,100,25,multiprocessing,8,29.36070630000904,768.5273590007598,37.56711629999336,776.9670986670384,21.741841422536165,75.1127835722322,3,0.48934510500015066,26.17537027712863,22564.506071142918
SVM-RBF,30,100,25,joblib,4,29.45346689998405,717.2547980014987,28.63975729997037,753.0257283333331,2.0019732611034615,102.01592809192927,3,0.4908911149997342,24.352134858592386,21125.64045179189
SVM-RBF,30,100,25,ray,4,29.476061700028367,839.2324790004326,46.2743138000175,855.9782873338078,30.814920114726423,186.54944072541264,3,0.4912676950004728,28.471662447348756,24737.26833168451
SVM-RBF,30,100,25,multiprocessing,4,29.895521599974018,853.1299190031546,47.90080833330285,879.1022350012632,32.09193101050255,192.42725129677405,3,0.4982586933329003,28.537047468805362,25504.76392114289
SVM-RBF,30,100,25,joblib,8,31.10845370002789,759.4679170000261,29.41260299998491,745.5189480004242,7.737433637615657,24.85450402767577,3,0.5184742283337982,24.4135540880113,23625.872532651938
SVM-RBF,30,100,25,ray,8,34.991968599963,815.902827998205,39.59321759996237,810.9894979998456,21.448004857302166,60.3584917510821,3,0.58319947666605,23.31685985792373,28550.046137934205
SVM-RBF,30,100,25,joblib,2,40.11976019997383,885.0023980001009,43.63671313330997,884.4880550005961,7.485194703146493,28.053131075307476,3,0.6686626699995639,22.059015148367667,35506.08398416585
SVM-RBF,30,100,25,threading,2,40.84138920000987,845.275748999974,42.15573713334743,854.0442639983003,7.545888353761819,29.99653256071241,3,0.6806898200001645,20.696547437709825,34522.23584623779
SVM-RBF,30,100,25,ray,2,41.93610400002217,955.2628330007126,71.01887316666155,1166.8748080000637,56.44331869127327,498.55788767310327,3,0.6989350666670362,22.779007630279807,40060.00151207369
SVM-RBF,30,100,25,multiprocessing,2,54.26951419998659,922.18441600247,81.72734173331021,1238.3215896677812,62.39255173389174,594.3737945360257,3,0.9044919033331098,16.99267866309181,50046.50025925239
SVM-RBF,30,100,25,joblib,1,71.36022010003217,1077.432932999555,66.89520816667937,1099.762280000475,10.197314771466793,149.9283567086726,3,1.1893370016672027,15.098509106182949,76885.85124187145
SVM-RBF,30,100,25,ray,1,75.25516989995958,1206.9675209988252,111.46203383331886,1649.407678333039,83.72113703361984,823.3238644408668,3,1.254252831665993,16.03833361353521,90830.54585649962
SVM-RBF,30,100,25,multiprocessing,1,86.88414009998087,1314.4440569994567,126.53231486664542,1848.626122332754,94.79453269013655,945.7070620077186,3,1.4480690016663478,15.12869961637275,114204.34160192804
SVM-RBF,30,100,25,threading,1,86.91359529999318,1344.8513979996137,121.89906370001457,1792.2754396653036,89.46201202142626,868.3245429287258,3,1.448559921666553,15.473429598185305,116885.87014436848
SVM-RBF,30,100,25,serial,1,86.91588079999201,1301.629207999733,122.77444749998783,1791.3019893334895,89.4012847717774,880.0260848048013,3,1.4485980133332002,14.975735113298795,113132.2490882928
SVM-RBF,30,100,50,ray,4,46.00982500001555,1093.05295000095,47.80386459998166,1228.5437476666855,3.4913019151647684,240.54003130331984,3,0.7668304166669259,23.756946478291983,50291.17494529446
SVM-RBF,30,100,50,threading,8,47.62309259996982,1163.70858200025,44.31783120000424,1178.9575246658967,6.599013828187078,26.906482680687127,3,0.793718209999497,24.435804532379056,55419.40155997749
SVM-RBF,30,100,50,joblib,8,48.154088800016325,1175.6843050020173,46.38162966668218,1237.709729334921,3.3238942213675315,108.4790795091964,3,0.8025681466669388,24.415046246324543,56614.00642385262
SVM-RBF,30,100,50,multiprocessing,8,49.12815740000224,1237.3919410002654,47.975174266670365,1260.102612333966,7.9338743879427085,79.77505353661716,3,0.8188026233333706,25.187021180652078,60790.786042955326
SVM-RBF,30,100,50,multiprocessing,4,52.01301449997118,1202.9405609995658,54.02792233331517,1339.601874334792,4.706612144752934,238.20849351660766,3,0.8668835749995196,23.12768395687261,62568.56484187388
SVM-RBF,30,100,50,threading,4,52.33603820001008,1203.2155999983418,50.318432100020196,1271.8466979982884,3.6444450242924216,167.73154653948114,3,0.8722673033335013,22.990192635523375,62971.53760436126
SVM-RBF,30,100,50,joblib,4,52.92695509997429,1238.292091997606,53.881502499978524,1392.5997626664494,6.015051933444623,302.81056460365255,3,0.8821159183329049,23.396246575276862,65539.02995381052
SVM-RBF,30,100,50,ray,8,55.77255869994406,1331.0163409980812,51.88387713332971,1334.7789009984997,6.833764416466034,11.942322270976778,3,0.9295426449990676,23.865075801146922,74234.18700890023
SVM-RBF,30,100,50,ray,2,63.66924640000798,1460.5158389996875,74.60975723333347,1676.1590120002809,19.78528355991301,386.44538523169456,3,1.0611541066667995,22.93910987769292,92989.94282438548
SVM-RBF,30,100,50,multiprocessing,2,65.44886490004137,1604.3559700021915,77.65451646667982,1770.6937173338238,21.405503465065664,288.2660194700931,3,1.0908144150006895,24.51312138801016,105003.27713224826
SVM-RBF,30,100,50,joblib,2,71.86760349996621,1611.0525270015107,87.41754619998392,1945.9226479989502,30.648470376692075,585.1116722628841,3,1.1977933916661034,22.416950733612097,115782.48422816317
SVM-RBF,30,100,50,threading,2,75.69609710003715,1768.2868559993458,81.84773886667487,1709.741521333308,19.532909934480514,107.15118907621664,3,1.2616016183339525,23.360343845237406,133852.41355244588
SVM-RBF,30,100,50,multiprocessing,1,105.1552613999811,2514.123407998803,124.74778856666914,2578.570242665623,34.20070912302776,113.09171527831406,3,1.752587689999685,23.90867917141857,264373.3041599255
SVM-RBF,30,100,50,joblib,1,105.39367989997844,2519.5493589999064,135.73973103331323,3333.740607333942,52.95001934201932,1486.1471127306968,3,1.7565613316663073,23.90607635477791,265544.578634632
SVM-RBF,30,100,50,threading,1,105.87918709998485,2432.1578479980176,125.08649963332573,2564.5045313326686,35.18859596487012,268.3566091466963,3,1.7646531183330807,22.971066501495322,257514.8958448786
SVM-RBF,30,100,50,serial,1,110.0535958999535,2486.021175998404,128.50357733331234,2583.1674539993855,36.21137197124052,227.69316925861605,3,1.8342265983325585,22.589186256652376,273595.56990205555
SVM-RBF,30,100,50,ray,1,111.3625986999832,2528.0991209993954,116.65589779997633,2432.0786926661826,27.50172443431472,230.9922212589634,3,1.8560433116663866,22.70150975742071,281535.68788563594
SVM-RBF,30,100,100,multiprocessing,8,89.34615699999267,2209.7004639997863,85.4832107333156,2303.0201173321166,6.877809822316696,166.22045834354495,3,1.4891026166665446,24.731902727500273,197428.24457948157
SVM-RBF,30,100,100,threading,8,89.62045599997509,2111.7677190030104,82.7643735333307,2138.4071586681735,13.819331879241712,51.96719128307622,3,1.4936742666662515,23.563456528313104,189257.58594307705
SVM-RBF,30,100,100,joblib,8,91.73290289996658,2232.1466749980814,89.5149482000076,2321.5472093330054,11.245680276151873,216.8609426019317,3,1.528881714999443,24.333108453269002,204761.29419608225
SVM-RBF,30,100,100,ray,4,93.28018520004116,2061.276673998824,91.9644259333533,2274.9208256655525,7.599105819553862,416.4446336615762,3,1.5546697533340192,22.09769062506015,192276.2698991352
SVM-RBF,30,100,100,multiprocessing,4,95.05330829997548,2234.2876790020173,96.90920876663101,2471.223061333572,3.5624910249519663,413.77952227197636,3,1.5842218049995913,23.50562772576947,212376.4355830154
SVM-RBF,30,100,100,threading,4,95.81912440003362,2195.8002210004547,98.17264470002071,2415.3835383331184,7.733211462739552,388.41518444054526,3,1.5969854066672269,22.91609566200215,210399.65453366388
SVM-RBF,30,100,100,ray,8,98.03332829999272,2261.6354049980414,96.19430669998594,2293.550828333005,7.5533294134984725,95.01901897628375,3,1.6338888049998785,23.070066519390114,221715.64615306
SVM-RBF,30,100,100,joblib,4,100.81621249997988,2361.239059001924,106.90547859998576,2698.230581333899,13.094804192626267,603.7023975700478,3,1.6802702083329981,23.421223635061626,238051.1787355905
SVM-RBF,30,100,100,ray,2,115.31082170002628,2649.9516599985727,131.3151662000067,2887.073773998672,29.755949664636923,417.86997745180383,3,1.9218470283337714,22.9809450746284,305568.1033797841
SVM-RBF,30,100,100,threading,2,125.18469919997732,3001.096818000293,145.3005380333246,3145.2566813323087,36.77889185387994,263.6174088837638,3,2.0864116533329553,23.973351673004114,375691.40243137575
SVM-RBF,30,100,100,multiprocessing,2,132.40887210000074,3080.201743002548,152.3096547666743,3137.4416970006423,35.99940560415612,123.36375394433463,3,2.2068145350000123,23.2628047815123,407846.0386314237
SVM-RBF,30,100,100,joblib,2,139.9638125000056,3230.442467999317,166.12663576668515,3524.5744969986863,59.01989484648766,698.0562944685679,3,2.3327302083334263,23.080554968443632,452145.04388311174
SVM-RBF,30,100,100,ray,1,190.30775380000705,4505.131442000171,216.45833050001724,4479.59547300065,54.92726283910813,325.52232257301176,3,3.1717958966667843,23.672873816453002,857361.4453008393
SVM-RBF,30,100,100,multiprocessing,1,205.21076599997468,4799.254564999595,246.6600731666549,4794.497280332718,73.10795695953883,112.81342170564861,3,3.4201794333329114,23.386953124087977,984858.705512442
SVM-RBF,30,100,100,joblib,1,205.6098181999987,4811.046468999191,254.41566463332856,5269.286041666691,85.55225397717851,855.3682248688087,3,3.4268303033333116,23.398914074810566,989198.3898426694
SVM-RBF,30,100,100,serial,1,209.00171759998196,4970.752260000178,251.37101646667966,4882.159815333384,73.93836332858008,205.96059320831802,3,3.483361959999699,23.78330818081567,1038895.7601040292
SVM-RBF,30,100,100,threading,1,211.33261689997744,4834.0082569996775,247.28800080000656,4914.341140000567,64.09658277357146,167.07948168489858,3,3.5222102816662906,22.873933649757372,1021583.6150678406
