run_id,track,strategy,model,n_rows,n_features,background_size,n_cores,repeat_idx,wall_time_sec,energy_joules,machine_id,timestamp
07da4468-bca3-44b5-9c0e-f7ae4bb2d971,tree,serial,RandomForest,1000,105,,1,0,127.12282190000406,2743.853322001251,Titiksha,2026-09-14T19:08:53.395959+00:00
bfd0a4e7-46f9-4394-af98-d64e9dce6071,tree,serial,RandomForest,1000,105,,2,0,120.02992269996321,2745.5074219969974,Titiksha,2026-09-14T19:10:55.141809+00:00
bd38868b-92be-4e55-805e-b979d0f8ec2e,tree,multiprocessing,RandomForest,1000,105,,1,0,131.72248180001043,3588.7145850008665,Titiksha,2026-09-14T19:13:08.569409+00:00
72e413e5-18b5-4a9e-bb2f-5c3ac36dc789,tree,multiprocessing,RandomForest,1000,105,,2,0,81.18432810000377,2222.49732500367,Titiksha,2026-09-14T19:14:31.514249+00:00
ba2254d1-417b-4184-8e7c-9d85b4a42c08,tree,threading,RandomForest,1000,105,,1,0,120.19199080002727,2735.223823999663,Titiksha,2026-09-14T19:16:33.431130+00:00
161c8826-c107-4d76-933d-f31bec15fd89,tree,threading,RandomForest,1000,105,,2,0,120.59855639998568,2746.1131119995066,Titiksha,2026-09-14T19:18:35.727464+00:00
7535295a-6ad7-4165-8d66-53bb32f39c44,tree,joblib,RandomForest,1000,105,,1,0,120.07309469999745,2706.354818001746,Titiksha,2026-09-14T19:20:37.505181+00:00
33671c38-0006-46ed-adbd-cf103f2afdbe,tree,joblib,RandomForest,1000,105,,2,0,63.668836000026204,1867.4450160008394,Titiksha,2026-09-14T19:21:42.878297+00:00
f3ac7d37-f55b-4780-83ac-4722441f65f5,tree,ray,RandomForest,1000,105,,1,0,129.57800040004076,3042.321539998713,Titiksha,2026-09-14T19:23:54.146302+00:00
ada1c17d-bc08-4cb7-8313-98c7624f0a9b,tree,ray,RandomForest,1000,105,,2,0,71.53688050003257,2045.1737830003797,Titiksha,2026-09-14T19:25:07.411698+00:00
94ff687a-f41d-4df3-8d51-06086de78068,tree,serial,XGBoost,1000,105,,1,0,0.18338859995128587,7.19961000030291,Titiksha,2026-09-14T19:25:09.289905+00:00
05cb8877-b81e-41a4-93b4-af2b05ec3f6e,tree,serial,XGBoost,1000,105,,2,0,0.16578460001619533,5.814420000144594,Titiksha,2026-09-14T19:25:11.127104+00:00
3961bd56-87c5-4a93-9b86-6250589508ca,tree,multiprocessing,XGBoost,1000,105,,1,0,2.7227436000248417,71.95999800099257,Titiksha,2026-09-14T19:25:15.477884+00:00
f3f4543b-e2b2-4504-846a-5a25001b262f,tree,multiprocessing,XGBoost,1000,105,,2,0,3.067059400025755,100.67269399989415,Titiksha,2026-09-14T19:25:20.181828+00:00
8b9ae761-dc68-4d60-b6ba-55bfea2f88eb,tree,threading,XGBoost,1000,105,,1,0,0.16837920004036278,6.220807000317546,Titiksha,2026-09-14T19:25:21.998905+00:00
87ed7579-6885-4ad6-9d98-651fb7f2886f,tree,threading,XGBoost,1000,105,,2,0,0.25930390000576153,10.800051001517836,Titiksha,2026-09-14T19:25:23.913570+00:00
331dd279-c7da-4d1f-a249-b256bc2be960,tree,joblib,XGBoost,1000,105,,1,0,0.16342589998384938,6.540441996868449,Titiksha,2026-09-14T19:25:25.763882+00:00
2047fa94-6d0a-458a-a592-6db26342b734,tree,joblib,XGBoost,1000,105,,2,0,0.3276227999594994,14.335980000714596,Titiksha,2026-09-14T19:25:27.769217+00:00
2489d856-7d03-4818-92ff-87564b1d134f,tree,ray,XGBoost,1000,105,,1,0,5.700255800038576,152.16121599759228,Titiksha,2026-09-14T19:25:35.127275+00:00
fe7a18f2-7bee-471e-b223-8a85d68b8cfc,tree,ray,XGBoost,1000,105,,2,0,5.3857879000133835,169.04148799905212,Titiksha,2026-09-14T19:25:42.157170+00:00
cae091cf-70c6-4065-83ea-63b154458827,tree,serial,RandomForest,1000,105,,1,1,190.17885369999567,3173.343926002228,Titiksha,2026-09-14T20:44:47.460866+00:00
654f244f-1043-4b33-913b-7c2bd4598c1b,tree,serial,RandomForest,1000,105,,1,2,122.01676139998017,2731.978224998414,Titiksha,2026-09-14T20:46:49.485851+00:00
70c1beba-5ab3-4f27-ab09-1904bf15e9e8,tree,serial,RandomForest,1000,105,,2,1,120.332136299985,2759.3957220015664,Titiksha,2026-09-14T20:48:49.824920+00:00
cecf19d5-a51c-42f1-bda8-3debc63306bf,tree,serial,RandomForest,1000,105,,2,2,123.13559929997427,3050.899946998804,Titiksha,2026-09-14T20:50:52.966515+00:00
e3a1f28e-c5dc-4499-bebf-63b2f41773cf,tree,serial,RandomForest,1000,105,,4,0,120.34869110002182,2759.4576950016567,Titiksha,2026-09-14T20:52:53.320542+00:00
a6e2a371-066d-445d-a346-4744d14a8617,tree,serial,RandomForest,1000,105,,4,1,120.12704839999788,2739.8472320006263,Titiksha,2026-09-14T20:54:53.453375+00:00
5a495a02-4978-4fb3-90fe-e344325f1a60,tree,serial,RandomForest,1000,105,,4,2,120.18472509999992,2739.858129001306,Titiksha,2026-09-14T20:56:53.643768+00:00
f7846ae0-ba46-4d48-bf31-3ef682735dab,tree,serial,RandomForest,1000,105,,8,0,120.12913820001995,2739.9379039994387,Titiksha,2026-09-14T20:58:53.778358+00:00
4511b522-41d2-4349-a655-9efbcc16f275,tree,serial,RandomForest,1000,105,,8,1,120.38733230001526,2743.808908998687,Titiksha,2026-09-14T21:00:54.171329+00:00
122c3a95-bb03-4158-b16f-046a4d5eef9d,tree,serial,RandomForest,1000,105,,8,2,120.37231589999283,2772.1884769998005,Titiksha,2026-09-14T21:02:54.549241+00:00
9c07ff34-afa6-4721-a01c-9b2395d10f89,tree,multiprocessing,RandomForest,1000,105,,1,1,122.79622849996667,2814.7801269973393,Titiksha,2026-09-14T21:04:57.351184+00:00
856f59f5-d925-40fe-89c1-c786dee7c025,tree,multiprocessing,RandomForest,1000,105,,1,2,122.51175720000174,2797.720125001793,Titiksha,2026-09-14T21:06:59.868526+00:00
6c16c619-bfb1-4441-931e-86b9dd180c29,tree,multiprocessing,RandomForest,1000,105,,2,1,65.51969960000133,1905.602254998868,Titiksha,2026-09-14T21:08:05.392290+00:00
a32ed2b8-7aa4-49a2-9040-d6584e372e9c,tree,multiprocessing,RandomForest,1000,105,,2,2,72.37598630000139,1992.9250409999725,Titiksha,2026-09-14T21:09:17.772274+00:00
4e2a0241-51eb-4cc2-b692-98786b2397ab,tree,multiprocessing,RandomForest,1000,105,,4,0,40.98725830001058,1343.3860529999981,Titiksha,2026-09-14T21:09:58.763132+00:00
63026f4a-8dca-4aa2-896f-be337eb63ba3,tree,multiprocessing,RandomForest,1000,105,,4,1,46.405846900015604,1286.4292879989928,Titiksha,2026-09-14T21:10:45.172675+00:00
9988014d-33df-4b65-8db6-70ff06c8c79d,tree,multiprocessing,RandomForest,1000,105,,4,2,47.04602499998873,1251.1633180011188,Titiksha,2026-09-14T21:11:32.222421+00:00
44b0a6d3-a386-4661-85ac-6db4803b820d,tree,multiprocessing,RandomForest,1000,105,,8,0,42.28038100001868,1142.7145849984422,Titiksha,2026-09-14T21:12:14.506799+00:00
f0938d43-3f6f-4c9b-8473-9a30994add4f,tree,multiprocessing,RandomForest,1000,105,,8,1,39.37713489995804,1098.2279009999645,Titiksha,2026-09-14T21:12:53.887838+00:00
b7405636-949b-478a-aa34-d95d4e06f849,tree,multiprocessing,RandomForest,1000,105,,8,2,39.04807349998737,1085.0349709992352,Titiksha,2026-09-14T21:13:32.939966+00:00
7035b110-ecbf-42d3-be81-8e9c59dea062,tree,threading,RandomForest,1000,105,,1,1,120.63781309995102,2775.6833710021424,Titiksha,2026-09-14T21:15:33.583288+00:00
fc9f72a2-16b0-43b0-ae1b-58f291123d4d,tree,threading,RandomForest,1000,105,,1,2,120.37013369996566,2739.2589959976126,Titiksha,2026-09-14T21:17:33.957755+00:00
ff76590c-86d6-4f78-92a3-007ae893d79c,tree,threading,RandomForest,1000,105,,2,1,120.72175409999909,2746.022529000819,Titiksha,2026-09-14T21:19:34.684268+00:00
2defb650-ae2f-4d86-a7c3-af1b63495c8f,tree,threading,RandomForest,1000,105,,2,2,120.41461219999474,2731.638634998365,Titiksha,2026-09-14T21:21:35.103225+00:00
6412f2a9-95bd-40f3-bf4c-18a1067a928f,tree,threading,RandomForest,1000,105,,4,0,120.82858130004024,2728.6121579975975,Titiksha,2026-09-14T21:23:35.936469+00:00
76010d07-65a2-40e8-b091-57d83d836c4b,tree,threading,RandomForest,1000,105,,4,1,121.12302040000213,2779.7955449996343,Titiksha,2026-09-14T21:25:37.063750+00:00
a6ddc922-cb4a-462f-a780-84f069f25b51,tree,threading,RandomForest,1000,105,,4,2,120.74084579996997,2737.289135001074,Titiksha,2026-09-14T21:27:37.808812+00:00
88cd3850-c6c7-4678-a606-83a9bed26357,tree,threading,RandomForest,1000,105,,8,0,121.02274639997631,2739.168787001983,Titiksha,2026-09-14T21:29:38.836142+00:00
dbb874f8-0339-46c4-8b23-009ba176ba28,tree,threading,RandomForest,1000,105,,8,1,121.23836140002823,2746.813703997661,Titiksha,2026-09-14T21:31:40.078623+00:00
4e5a0ec9-9efb-4ad0-9995-b12d4e19fd93,tree,threading,RandomForest,1000,105,,8,2,121.27017379994504,2741.736884999453,Titiksha,2026-09-14T21:33:41.352825+00:00
3e69d10c-02c3-45b1-bea6-d37439792337,tree,joblib,RandomForest,1000,105,,1,1,120.67109010001877,2735.3735570023755,Titiksha,2026-09-14T21:35:42.028159+00:00
fe9303a0-0f36-49f4-a3e5-a67909177147,tree,joblib,RandomForest,1000,105,,1,2,120.15576940000756,2715.672979998754,Titiksha,2026-09-14T21:37:42.188266+00:00
dab73732-0110-4f9c-a46c-c6a8fb97fba6,tree,joblib,RandomForest,1000,105,,2,1,66.13220819999697,1934.9301149988132,Titiksha,2026-09-14T21:38:48.324808+00:00
1ae78958-b15c-4daf-a9fb-7ffbca19cfb2,tree,joblib,RandomForest,1000,105,,2,2,62.431285200000275,1829.2261450000306,Titiksha,2026-09-14T21:39:50.760010+00:00
dcb69472-c5c9-4936-9389-d2d9d917bbae,tree,joblib,RandomForest,1000,105,,4,0,38.79996319999918,1296.9134630001129,Titiksha,2026-09-14T21:40:29.563674+00:00
5b66608d-6dab-4275-856f-ae45863394c5,tree,joblib,RandomForest,1000,105,,4,1,36.95164879999356,1177.8161560005497,Titiksha,2026-09-14T21:41:06.518812+00:00
3d6033b7-db84-4794-84da-7c446fa278d6,tree,joblib,RandomForest,1000,105,,4,2,38.296925500035286,1190.6993349991374,Titiksha,2026-09-14T21:41:44.818869+00:00
c986bc51-8a20-48e0-a44d-ec125d5de5ed,tree,joblib,RandomForest,1000,105,,8,0,42.645789800037164,1165.1742930007454,Titiksha,2026-09-14T21:42:27.468415+00:00
1a9e3ed3-b7ba-4b5c-9c75-0352ee5513dc,tree,joblib,RandomForest,1000,105,,8,1,34.2981006000191,920.5197619997593,Titiksha,2026-09-14T21:43:01.770368+00:00
1b93e7fd-ba08-43fb-b29b-5c23a2c0d576,tree,joblib,RandomForest,1000,105,,8,2,32.760705399967264,904.8244490013957,Titiksha,2026-09-14T21:43:34.534677+00:00
e77027d4-68e6-490e-8b90-cf4b0b55958e,tree,ray,RandomForest,1000,105,,1,1,126.87838170002215,2932.6397689994633,Titiksha,2026-09-14T21:45:41.417071+00:00
958d5385-f71b-408f-871b-3b9dc721fade,tree,ray,RandomForest,1000,105,,1,2,125.33874029997969,2891.9678329994103,Titiksha,2026-09-14T21:47:46.759564+00:00
a52bb7b0-eac5-4eae-8b0d-76656c4d41bb,tree,ray,RandomForest,1000,105,,2,1,74.55092700000387,2085.1327930027264,Titiksha,2026-09-14T21:49:01.313855+00:00
0e4cb354-7260-4ccc-87c7-a8eae771ef14,tree,ray,RandomForest,1000,105,,2,2,68.86281240003882,1994.5725030006301,Titiksha,2026-09-14T21:50:10.180148+00:00
0e515498-2049-411c-b8e1-670be89f3d71,tree,ray,RandomForest,1000,105,,4,0,42.1260053999722,1412.8660030021167,Titiksha,2026-09-14T21:50:52.309354+00:00
40a0e89e-2e4b-4e95-8794-80c78c409ed8,tree,ray,RandomForest,1000,105,,4,1,48.330180799996015,1362.7995770000025,Titiksha,2026-09-14T21:51:40.642592+00:00
ed55f740-4fa8-4cb3-a452-020d571a6682,tree,ray,RandomForest,1000,105,,4,2,49.23896960000275,1339.7725400000004,Titiksha,2026-09-14T21:52:29.885094+00:00
132734a5-4ce2-423a-9872-4739840a813d,tree,ray,RandomForest,1000,105,,8,0,42.79717249999521,1144.7636890035237,Titiksha,2026-09-14T21:53:12.686225+00:00
22a11816-867a-4fe2-a402-8446f846e971,tree,ray,RandomForest,1000,105,,8,1,41.28645159996813,1141.8574289978583,Titiksha,2026-09-14T21:53:53.976682+00:00
74cf6f50-f38d-4d23-8660-d6f5b8225380,tree,ray,RandomForest,1000,105,,8,2,40.742206800030544,1141.5746000010108,Titiksha,2026-09-14T21:54:34.722114+00:00
6d763711-dd55-45c4-8c2e-8a0a8c89467a,tree,serial,XGBoost,1000,105,,1,1,0.21638350002467632,8.457771001295356,Titiksha,2026-09-14T21:54:34.941644+00:00
e751cee7-4843-41cf-adc0-9f9baf54a5eb,tree,serial,XGBoost,1000,105,,1,2,0.21842650003964081,7.703255997469627,Titiksha,2026-09-14T21:54:35.163523+00:00
5ce03de8-4b7e-41bc-8e89-24ba09bbe122,tree,serial,XGBoost,1000,105,,2,1,0.2320661999983713,6.277835001382293,Titiksha,2026-09-14T21:54:35.399023+00:00
7a5f3331-0e58-475e-8c39-7e0a26a47792,tree,serial,XGBoost,1000,105,,2,2,0.2347793999942951,6.487254000736575,Titiksha,2026-09-14T21:54:35.637929+00:00
5dabc52d-d522-45f8-83cb-f764abdd9df3,tree,serial,XGBoost,1000,105,,4,0,0.24402839998947456,7.063953003426382,Titiksha,2026-09-14T21:54:35.885979+00:00
4a3c28cb-071a-40b7-9b21-3b667c9b3078,tree,serial,XGBoost,1000,105,,4,1,0.3618961999891326,9.867361999894852,Titiksha,2026-09-14T21:54:36.251833+00:00
2c71eac2-863a-41df-b1d4-066efa07fbbc,tree,serial,XGBoost,1000,105,,4,2,0.2445455999695696,6.1006379984990255,Titiksha,2026-09-14T21:54:36.500445+00:00
3d29bbc4-0eab-441f-b4fb-5642f6bfe57c,tree,serial,XGBoost,1000,105,,8,0,0.3036727999569848,9.204053002728752,Titiksha,2026-09-14T21:54:36.808558+00:00
70266af1-96b1-4de0-96cf-d762ae6f9571,tree,serial,XGBoost,1000,105,,8,1,0.2527821999974549,6.545948000721835,Titiksha,2026-09-14T21:54:37.065605+00:00
8e112463-c055-49bf-891e-34b1151f70cf,tree,serial,XGBoost,1000,105,,8,2,0.26470989995868877,7.025408999163096,Titiksha,2026-09-14T21:54:37.334513+00:00
e4a41198-0cda-4b4a-82cf-9da30674eeb0,tree,multiprocessing,XGBoost,1000,105,,1,1,2.9565604999661446,76.6456119987352,Titiksha,2026-09-14T21:54:40.296548+00:00
ace39618-edc0-47d0-8da0-8b5006dee12f,tree,multiprocessing,XGBoost,1000,105,,1,2,2.7998526000301354,78.77426299865154,Titiksha,2026-09-14T21:54:43.099452+00:00
048e2a29-0718-4257-925a-c1a329e07289,tree,multiprocessing,XGBoost,1000,105,,2,1,3.2300471999915317,96.49093500314204,Titiksha,2026-09-14T21:54:46.332792+00:00
aec1b757-2c7a-4fa5-b1e1-57a2ae5e5bc9,tree,multiprocessing,XGBoost,1000,105,,2,2,3.3813109999755397,91.81311999997833,Titiksha,2026-09-14T21:54:49.717415+00:00
c0ee35c1-7225-4976-88bd-dbad085d71f9,tree,multiprocessing,XGBoost,1000,105,,4,0,4.5334096000296995,123.78672500088922,Titiksha,2026-09-14T21:54:54.254022+00:00
1daa95c2-93e0-45d3-8973-409283590b51,tree,multiprocessing,XGBoost,1000,105,,4,1,4.547281700011808,126.5325749977786,Titiksha,2026-09-14T21:54:58.804404+00:00
bb630fc3-9e98-450f-b149-c7f3e8b437f8,tree,multiprocessing,XGBoost,1000,105,,4,2,4.471796200028621,129.93445199738912,Titiksha,2026-09-14T21:55:03.279816+00:00
1c4d57b4-c8d9-4c01-8c86-a7278173b544,tree,multiprocessing,XGBoost,1000,105,,8,0,7.075440899992827,194.64178100034036,Titiksha,2026-09-14T21:55:10.358337+00:00
2e584f1b-8d43-4de4-8838-4f55e6889c78,tree,multiprocessing,XGBoost,1000,105,,8,1,7.509734000021126,212.02285599890845,Titiksha,2026-09-14T21:55:17.871817+00:00
ca57de37-66a1-4cf9-a9d0-152a196f36f6,tree,multiprocessing,XGBoost,1000,105,,8,2,7.454797499987762,202.60754699992083,Titiksha,2026-09-14T21:55:25.330298+00:00
1c2f69ac-2988-4488-bb99-9b58e25617cd,tree,threading,XGBoost,1000,105,,1,1,0.2637919999542646,7.428476001525297,Titiksha,2026-09-14T21:55:25.598131+00:00
698d9a5f-ea78-4c0c-b5ad-0be612f46028,tree,threading,XGBoost,1000,105,,1,2,0.3276562999817543,7.7784350005674625,Titiksha,2026-09-14T21:55:25.930048+00:00
3da3c35b-a312-4a52-a778-ebfb9604de71,tree,threading,XGBoost,1000,105,,2,1,0.31654700002400205,9.121848997963033,Titiksha,2026-09-14T21:55:26.250832+00:00
8d856212-4774-46a2-8dc0-480507da61f7,tree,threading,XGBoost,1000,105,,2,2,0.3527127999695949,10.191800000922125,Titiksha,2026-09-14T21:55:26.607667+00:00
d5791973-f49e-4317-9eb1-adac55d8b678,tree,threading,XGBoost,1000,105,,4,0,0.40714049997041,11.7955079983717,Titiksha,2026-09-14T21:55:27.018875+00:00
c24cbae4-b97b-47e2-a26c-d5a74d5fd427,tree,threading,XGBoost,1000,105,,4,1,0.4252995999995619,11.780310002922068,Titiksha,2026-09-14T21:55:27.448223+00:00
e600c2b4-54fc-471b-bcfc-e6a47bccf02c,tree,threading,XGBoost,1000,105,,4,2,0.39219869999215007,10.491265998809062,Titiksha,2026-09-14T21:55:27.844417+00:00
12b373f2-a97f-4993-b86c-dc6938b7a38c,tree,threading,XGBoost,1000,105,,8,0,0.6574822999536991,16.857302999133406,Titiksha,2026-09-14T21:55:28.506371+00:00
a99cff93-01d9-453f-aae6-21e7c8731e71,tree,threading,XGBoost,1000,105,,8,1,0.6477734000072815,17.700481000215706,Titiksha,2026-09-14T21:55:29.158156+00:00
65c79d12-8c81-4cb2-9981-bd430c7f5c96,tree,threading,XGBoost,1000,105,,8,2,0.64891789999092,18.070665001530816,Titiksha,2026-09-14T21:55:29.811160+00:00
af899ee2-6ee5-4b1a-8c11-990d3ed79ea5,tree,joblib,XGBoost,1000,105,,1,1,0.303115600021556,8.584655002401298,Titiksha,2026-09-14T21:55:30.119313+00:00
2bad013a-00d7-4d7a-98b3-be4faa2467b0,tree,joblib,XGBoost,1000,105,,1,2,0.2518774999771267,7.976768000428347,Titiksha,2026-09-14T21:55:30.375149+00:00
43d69f04-c884-44f0-a6e4-24cc12d1b18f,tree,joblib,XGBoost,1000,105,,2,1,2.6478456999757327,73.28273699896693,Titiksha,2026-09-14T21:55:33.027491+00:00
5d722019-1d20-4800-a9d0-4d1f893f14c9,tree,joblib,XGBoost,1000,105,,2,2,0.29863679996924475,8.857874000164912,Titiksha,2026-09-14T21:55:33.331399+00:00
0a8795d0-0a91-4cc5-8e79-cedff4c6ff90,tree,joblib,XGBoost,1000,105,,4,0,3.8049077999894507,103.52262600117623,Titiksha,2026-09-14T21:55:37.140699+00:00
06d4ef1f-9f66-44cf-b5bf-04baddac1a65,tree,joblib,XGBoost,1000,105,,4,1,0.32268289994681254,9.00166099786076,Titiksha,2026-09-14T21:55:37.467861+00:00
e06b16b1-2e6d-43e2-b8d7-4bca363bf8c1,tree,joblib,XGBoost,1000,105,,4,2,0.2909110999898985,8.722740000936813,Titiksha,2026-09-14T21:55:37.762685+00:00
3dded9ee-d8ad-4593-ba9f-8a90d6c01db8,tree,joblib,XGBoost,1000,105,,8,0,5.832160499994643,159.71945699781998,Titiksha,2026-09-14T21:55:43.599066+00:00
85b6ba74-1118-42b7-b9da-f86a6ae6d241,tree,joblib,XGBoost,1000,105,,8,1,0.4606004999950528,12.361231002251671,Titiksha,2026-09-14T21:55:44.064162+00:00
3d202fff-6871-4780-98a7-e983c75e1d0f,tree,joblib,XGBoost,1000,105,,8,2,0.4241335999686271,11.627454998455743,Titiksha,2026-09-14T21:55:44.491559+00:00
32fc8729-82a2-4160-87b5-01d937751454,tree,ray,XGBoost,1000,105,,1,1,6.6202705999603495,164.62242899816792,Titiksha,2026-09-14T21:55:51.115215+00:00
249824d9-8a05-42be-ac26-d47b2891bcdf,tree,ray,XGBoost,1000,105,,1,2,5.4766826999839395,156.49459800161497,Titiksha,2026-09-14T21:55:56.594947+00:00
3397069c-c356-49c2-8d66-3d50cf4c079a,tree,ray,XGBoost,1000,105,,2,1,5.735936999961268,166.26504999998625,Titiksha,2026-09-14T21:56:02.333752+00:00
6bf3eea4-4ccb-49bd-8f23-b32b83087184,tree,ray,XGBoost,1000,105,,2,2,6.711150099989027,183.21545800062816,Titiksha,2026-09-14T21:56:09.047659+00:00
8c50a99a-552f-4d6c-b8f7-38896d60f03a,tree,ray,XGBoost,1000,105,,4,0,7.670475899998564,209.30509800057146,Titiksha,2026-09-14T21:56:16.721559+00:00
b362a071-c47a-46d2-8c7f-e7fa16d868d6,tree,ray,XGBoost,1000,105,,4,1,7.778539600025397,211.45130500054148,Titiksha,2026-09-14T21:56:24.504372+00:00
d7f409d1-88a0-4de6-8327-2182b62c0bd9,tree,ray,XGBoost,1000,105,,4,2,7.79388569999719,202.2641040011805,Titiksha,2026-09-14T21:56:32.302172+00:00
ecaa8b6a-d278-40dd-86cd-601b849ccc9e,tree,ray,XGBoost,1000,105,,8,0,10.869643499958329,287.57914000005076,Titiksha,2026-09-14T21:56:43.176488+00:00
c53e110a-8838-4559-97cf-262888f7eea7,tree,ray,XGBoost,1000,105,,8,1,11.01185109996004,290.0165859991005,Titiksha,2026-09-14T21:56:54.192204+00:00
c412cd4f-5ce4-4bda-ad7e-8fa573bec3c1,tree,ray,XGBoost,1000,105,,8,2,10.371538600011263,271.93478499970837,Titiksha,2026-09-14T21:57:04.568037+00:00
7eec5003-7af4-4e90-8a1b-d7081210fd2f,tree,serial,RandomForest,10000,105,,1,0,1205.01022310002,27326.02366399917,Titiksha,2026-09-14T22:17:09.588600+00:00
c1a1da63-8df2-4abc-a307-61bafd61d79e,tree,serial,RandomForest,10000,105,,1,1,1317.0943897999823,27597.0979719997,Titiksha,2026-09-14T22:39:06.691841+00:00
c312a30c-9f48-4619-a1b4-1b970c5e9815,tree,serial,RandomForest,10000,105,,1,2,1700.1642777000088,30093.3957639995,Titiksha,2026-09-14T23:07:26.864822+00:00
50517e66-6bac-4894-b712-e580f0a22ec5,tree,serial,RandomForest,10000,105,,2,0,1934.4135487999883,31956.715962998132,Titiksha,2026-09-14T23:39:41.286649+00:00
c095281e-acc9-4e6f-b785-28f51e59bf4b,tree,serial,RandomForest,10000,105,,2,1,1199.000264900038,27590.711060000074,Titiksha,2026-09-14T23:59:40.291402+00:00
72153d77-3ee1-4220-a719-0e5741c73d03,tree,serial,RandomForest,10000,105,,2,2,1199.5621309999842,27486.604477001514,Titiksha,2026-09-15T00:19:39.857384+00:00
ab72c586-c042-47b2-8de0-25d143b02c85,tree,serial,RandomForest,10000,105,,4,0,1198.224889599951,27227.51791000025,Titiksha,2026-09-15T00:39:38.086137+00:00
c1916a38-432b-4915-8b01-54e98cd84893,tree,serial,RandomForest,10000,105,,4,1,1198.6595585999894,27254.709056998756,Titiksha,2026-09-15T00:59:36.749559+00:00
ee431f83-e0b8-40ae-b2a3-3604f0fc958e,tree,serial,RandomForest,10000,105,,4,2,1197.5157544999965,27265.041835002372,Titiksha,2026-09-15T01:19:34.269384+00:00
b994ecac-3948-41e4-916b-db110db5eeef,tree,serial,RandomForest,10000,105,,8,0,1198.2334921999718,27334.877857999356,Titiksha,2026-09-15T01:39:32.506395+00:00
b26d29cb-9b5e-43bc-a21a-6b4ccdadce25,tree,serial,RandomForest,10000,105,,8,1,1197.7082717000158,27206.994867998106,Titiksha,2026-09-15T01:59:30.217935+00:00
4d6885ba-b805-406c-bdb5-1d557f80852e,tree,serial,RandomForest,10000,105,,8,2,1198.1027246000012,27222.072072998548,Titiksha,2026-09-15T02:19:28.324365+00:00
ff5722e9-661b-4d1a-817a-3afbe239782a,tree,multiprocessing,RandomForest,10000,105,,1,0,1198.9216737000388,27333.284883000546,Titiksha,2026-09-15T02:39:27.249898+00:00
42c1be00-8da3-40f7-a55e-860d37412d9f,tree,multiprocessing,RandomForest,10000,105,,1,1,1198.6400304000126,27327.145389999907,Titiksha,2026-09-15T02:59:25.893668+00:00
7a4fe4e6-c6ce-4456-9a00-1d3383922c49,tree,multiprocessing,RandomForest,10000,105,,1,2,1198.7968380000093,27380.796842002197,Titiksha,2026-09-15T03:19:24.694099+00:00
c82eefa2-3b83-42b3-b1eb-0cb93c4f0def,tree,multiprocessing,RandomForest,10000,105,,2,0,687.6161798000103,18145.62078499967,Titiksha,2026-09-15T03:30:52.313825+00:00
e4d23fa1-49b5-470a-9588-c431334a8d53,tree,multiprocessing,RandomForest,10000,105,,2,1,697.1235974000301,18307.013266000726,Titiksha,2026-09-15T03:42:29.441234+00:00
6d5dfe27-0778-4ba6-a013-497b0f252994,tree,multiprocessing,RandomForest,10000,105,,2,2,678.3693040999933,17909.039392998882,Titiksha,2026-09-15T03:53:47.814158+00:00
070fe1d5-3e27-4801-8d8b-990e6107c16d,tree,multiprocessing,RandomForest,10000,105,,4,0,420.84387379995314,11125.021372999012,Titiksha,2026-09-15T04:00:48.661235+00:00
5abc2d25-6318-42b1-b582-584b3058948b,tree,multiprocessing,RandomForest,10000,105,,4,1,421.78448730002856,11165.002258003287,Titiksha,2026-09-15T04:07:50.449235+00:00
fff12e26-09e5-445b-b62d-131304d90a07,tree,multiprocessing,RandomForest,10000,105,,4,2,421.5537101000082,11152.647723000353,Titiksha,2026-09-15T04:14:52.006420+00:00
3ba59ba4-2757-47ef-99a3-051c2391837b,tree,multiprocessing,RandomForest,10000,105,,8,0,337.58743379998486,8882.626113997483,Titiksha,2026-09-15T04:20:29.597417+00:00
c91dfba1-4548-4485-830e-28a635a98e63,tree,multiprocessing,RandomForest,10000,105,,8,1,336.1614928999916,8847.617341001223,Titiksha,2026-09-15T04:26:05.763129+00:00
06511358-cdee-498a-81bb-3bcb13d2a3db,tree,multiprocessing,RandomForest,10000,105,,8,2,339.05810830002883,8846.59602100345,Titiksha,2026-09-15T04:31:44.825054+00:00
edaaae17-46e1-4816-955c-ffe8bd0f703f,tree,threading,RandomForest,10000,105,,1,0,1199.6062414000044,27116.24833000005,Titiksha,2026-09-15T04:51:44.434766+00:00
339d309b-2b55-42a7-8495-7408dccc9f7d,tree,threading,RandomForest,10000,105,,1,1,1198.9193369999994,26963.04467500188,Titiksha,2026-09-15T05:11:43.357457+00:00
b4f5a4b3-165e-42af-99ef-5d48407b4736,tree,threading,RandomForest,10000,105,,1,2,1198.4612486999831,26905.736453001282,Titiksha,2026-09-15T05:31:41.822145+00:00
6be8c632-69db-4b67-8381-89595415c2ca,tree,threading,RandomForest,10000,105,,2,0,1202.2411479000002,27165.01091200021,Titiksha,2026-09-15T05:51:44.066257+00:00
5cf90ba2-b77b-424d-9a3f-05067a825054,tree,threading,RandomForest,10000,105,,2,1,1200.0037827999913,26951.26733799894,Titiksha,2026-09-15T06:11:44.073091+00:00
4545009a-5d12-460a-851c-033d825ef164,tree,threading,RandomForest,10000,105,,2,2,1199.8110765999882,26918.255162999318,Titiksha,2026-09-15T06:31:43.887084+00:00
ae0e719b-6049-4f40-8e7f-1cc6bf523332,tree,threading,RandomForest,10000,105,,4,0,1202.4392936999793,26998.70864499979,Titiksha,2026-09-15T06:51:46.329067+00:00
7f3f7762-f85b-434b-b6ce-9d7a9524e168,tree,threading,RandomForest,10000,105,,4,1,1201.4711661000038,26955.649992000854,Titiksha,2026-09-15T07:11:47.803263+00:00
e71e8c55-7950-4654-afe7-47c6f2c716d4,tree,threading,RandomForest,10000,105,,4,2,1201.2727623999817,26973.052352000883,Titiksha,2026-09-15T07:31:49.079176+00:00
e93dd0b5-4172-43ef-885e-daf3a2b3f5c7,tree,threading,RandomForest,10000,105,,8,0,1205.3197596999817,26978.053193997686,Titiksha,2026-09-15T07:51:54.401698+00:00
73014ac0-c80f-4fd5-a348-79fb02d092e5,tree,threading,RandomForest,10000,105,,8,1,1203.7107001999975,26914.316558999075,Titiksha,2026-09-15T08:11:58.115164+00:00
60e895eb-397b-4654-84a4-32762d570e47,tree,threading,RandomForest,10000,105,,8,2,1203.1646411999827,26850.514032002604,Titiksha,2026-09-15T08:32:01.282605+00:00
800315b5-3342-45cc-ab46-6fdc2ace94f8,tree,joblib,RandomForest,10000,105,,1,0,1199.0552942000795,26885.501318998984,Titiksha,2026-09-15T08:52:00.341001+00:00
e292f70c-603f-4a3d-a505-befadebe11fd,tree,joblib,RandomForest,10000,105,,1,1,1198.5733687001048,26842.059702999733,Titiksha,2026-09-15T09:11:58.917705+00:00
5db95120-b34f-4484-a2a4-7e3f2839ed21,tree,joblib,RandomForest,10000,105,,1,2,1198.318007600028,26883.475148999005,Titiksha,2026-09-15T09:31:57.239124+00:00
9e8c3d9e-fbcb-4f4c-bc5f-3312de4c95aa,tree,joblib,RandomForest,10000,105,,2,0,671.2691117000068,18940.98580700081,Titiksha,2026-09-15T09:43:08.512555+00:00
9c18b0f0-cf00-46c6-b279-038177430359,tree,joblib,RandomForest,10000,105,,2,1,623.6720977000659,18049.93653099929,Titiksha,2026-09-15T09:53:32.188384+00:00
4293ec41-e733-4b8d-8185-482eb44e57e8,tree,joblib,RandomForest,10000,105,,2,2,625.2466129000532,18089.954697000656,Titiksha,2026-09-15T10:03:57.438477+00:00
2af0a10b-2598-4234-9fa1-d4c400fa99d8,tree,joblib,RandomForest,10000,105,,4,0,407.42975669994485,11282.608637000369,Titiksha,2026-09-15T10:10:44.871400+00:00
72488912-4117-4e5f-baed-e1f8f92c9471,tree,joblib,RandomForest,10000,105,,4,1,403.1587289000163,11272.479749998633,Titiksha,2026-09-15T10:17:28.033837+00:00
9de724bc-289d-4b19-8257-c63ec0177c17,tree,joblib,RandomForest,10000,105,,4,2,402.07275040005334,11214.882895998835,Titiksha,2026-09-15T10:24:10.110311+00:00
ad20f74d-fb1b-4741-b9f4-8f888fd3e258,tree,joblib,RandomForest,10000,105,,8,0,317.4132780999644,8888.50776799992,Titiksha,2026-09-15T10:29:27.526624+00:00
2c72a660-ea92-4a98-8423-9d4015ea73ee,tree,joblib,RandomForest,10000,105,,8,1,312.8352784999879,8727.791851001588,Titiksha,2026-09-15T10:34:40.366158+00:00
d069a351-0b2b-4a82-b724-a7116ef42f35,tree,joblib,RandomForest,10000,105,,8,2,314.09369350003544,8754.953805999377,Titiksha,2026-09-15T10:39:54.463839+00:00
29b5e0e2-5927-4c60-9481-7a98a49b5ff0,tree,ray,RandomForest,10000,105,,1,0,2755.915059000021,41509.32081000192,Titiksha,2026-09-15T11:25:50.500716+00:00
e4e11e78-579d-477b-8c4b-6b03fc590215,tree,ray,RandomForest,10000,105,,1,1,4293.780281200074,53841.27436099952,Titiksha,2026-09-15T12:37:24.377080+00:00
64698694-1c89-4bb3-8a65-a9c8a3b2e805,tree,ray,RandomForest,10000,105,,1,2,3917.688133999938,49301.99174800136,Titiksha,2026-09-15T13:42:42.102303+00:00
ade0c3ea-278f-4acb-8cb3-ab986cc2ba3e,tree,ray,RandomForest,10000,105,,2,0,1920.8246760000475,27402.42486400344,Titiksha,2026-09-15T14:14:42.946164+00:00
bf14ea43-77d8-4cf2-b9be-d192984e5d04,tree,ray,RandomForest,10000,105,,2,1,2612.9940064999973,34955.66271600166,Titiksha,2026-09-15T14:58:15.960015+00:00
ea34f0bb-270a-4f85-b9c4-d0e35907be23,tree,ray,RandomForest,10000,105,,2,2,792.3911949999165,18601.21535100079,Titiksha,2026-09-15T15:11:28.358482+00:00
cecf3850-84f4-4af6-9609-54060476bf56,tree,ray,RandomForest,10000,105,,4,0,540.0428318000631,13385.682274999655,Titiksha,2026-09-15T15:20:28.407371+00:00
18a4da2f-9801-4935-af0f-c03033a14e44,tree,ray,RandomForest,10000,105,,4,1,558.8507305000676,13712.67588600047,Titiksha,2026-09-15T15:29:47.264692+00:00
9026666b-8c5d-4247-9a64-222673e8642e,tree,ray,RandomForest,10000,105,,4,2,605.4633207999868,13600.990781998613,Titiksha,2026-09-15T15:39:52.734512+00:00
9744f60f-7c71-4fef-b191-ac4895e6bd35,tree,ray,RandomForest,10000,105,,8,0,442.245449500042,9904.42034900154,Titiksha,2026-09-15T15:47:14.987711+00:00
81df1c54-81f4-4cc2-a9f7-372c0ac022bc,tree,ray,RandomForest,10000,105,,8,1,422.4471935000038,9714.820970002269,Titiksha,2026-09-15T15:54:17.441823+00:00
72a54a3f-92bc-4961-a66d-ab6f80d5da46,tree,ray,RandomForest,10000,105,,8,2,415.72093690000474,9720.77243100069,Titiksha,2026-09-15T16:01:13.169050+00:00
bd129d79-558f-47b3-b51f-1df2aaba9ce2,tree,serial,XGBoost,10000,105,,1,0,2.337590800016187,61.430039998411345,Titiksha,2026-09-15T16:01:15.511308+00:00
ca822d73-e082-474f-96c5-13bcec643d37,tree,serial,XGBoost,10000,105,,1,1,2.2537598999915645,54.12511800171327,Titiksha,2026-09-15T16:01:17.770531+00:00
7ce48b91-900f-4524-8850-bba32ce0f491,tree,serial,XGBoost,10000,105,,1,2,2.3921547998907045,55.96219899863808,Titiksha,2026-09-15T16:01:20.168436+00:00
731f0f5f-26a8-4bd0-9b9c-38c8ac5409cf,tree,serial,XGBoost,10000,105,,2,0,2.245922000030987,53.276579996652806,Titiksha,2026-09-15T16:01:22.420274+00:00
2e495cf6-1ad5-4e52-9671-a95a30c4017b,tree,serial,XGBoost,10000,105,,2,1,2.205569199984893,51.58573300083624,Titiksha,2026-09-15T16:01:24.631971+00:00
a3ddc7fa-bed2-44bc-b2a6-0c6865b7a9e9,tree,serial,XGBoost,10000,105,,2,2,2.249956200015731,51.899504999219914,Titiksha,2026-09-15T16:01:26.887866+00:00
075df6e4-e742-4920-acfe-a74f1aabc169,tree,serial,XGBoost,10000,105,,4,0,2.2777852999279276,52.281286000432914,Titiksha,2026-09-15T16:01:29.171391+00:00
56e27e2d-c107-45e4-a2d3-4ddba75baec0,tree,serial,XGBoost,10000,105,,4,1,2.261993399937637,52.24571400188616,Titiksha,2026-09-15T16:01:31.439292+00:00
3f107327-6cf6-44fb-804f-cddd7635b9e6,tree,serial,XGBoost,10000,105,,4,2,2.2789098999928683,54.93525600219762,Titiksha,2026-09-15T16:01:33.725229+00:00
d9a36410-265b-4c9d-988c-2a97aab4d84f,tree,serial,XGBoost,10000,105,,8,0,2.1879432999994606,52.20152799902955,Titiksha,2026-09-15T16:01:35.918547+00:00
6a44f1c6-36e1-4111-a201-82b680c5fcf1,tree,serial,XGBoost,10000,105,,8,1,2.259431799990125,53.595513000659345,Titiksha,2026-09-15T16:01:38.183615+00:00
4529d0ce-3229-4d45-81b7-44dfbcba81b5,tree,serial,XGBoost,10000,105,,8,2,2.114340399974026,50.69317999932821,Titiksha,2026-09-15T16:01:40.302511+00:00
97962dea-7766-405d-a007-98b21afe5a21,tree,multiprocessing,XGBoost,10000,105,,1,0,6.561694699921645,148.7877960010042,Titiksha,2026-09-15T16:01:46.868272+00:00
9fe2c7c9-caf4-482f-8542-771cb1b3440d,tree,multiprocessing,XGBoost,10000,105,,1,1,5.086400200030766,119.22321299906446,Titiksha,2026-09-15T16:01:51.959551+00:00
738095b8-223c-4aeb-b378-46f997be6ce2,tree,multiprocessing,XGBoost,10000,105,,1,2,5.150286499992944,116.40597700117716,Titiksha,2026-09-15T16:01:57.114053+00:00
6cccf682-e56b-4a17-a627-93cd6abdb640,tree,multiprocessing,XGBoost,10000,105,,2,0,6.005707099917345,137.13061300051345,Titiksha,2026-09-15T16:02:03.124249+00:00
0552ce50-b8ef-40b7-ab63-e1162bd884fb,tree,multiprocessing,XGBoost,10000,105,,2,1,6.331002100021578,146.0967500013677,Titiksha,2026-09-15T16:02:09.461436+00:00
95b5c059-1463-4586-84a4-e9e0088a65e9,tree,multiprocessing,XGBoost,10000,105,,2,2,6.242771000019275,141.03440800017353,Titiksha,2026-09-15T16:02:15.709446+00:00
6daafa2a-32a0-4d3f-8a6e-a3c23493c465,tree,multiprocessing,XGBoost,10000,105,,4,0,8.261935100075789,188.72477799765085,Titiksha,2026-09-15T16:02:23.977042+00:00
f45cbe6f-a95d-4f52-b9e4-01c99f6d084e,tree,multiprocessing,XGBoost,10000,105,,4,1,7.972697799908929,180.31134100016112,Titiksha,2026-09-15T16:02:31.956006+00:00
e43e4ae5-0711-4c0f-af3a-66e429cebb14,tree,multiprocessing,XGBoost,10000,105,,4,2,7.9281946999253705,178.48096100039345,Titiksha,2026-09-15T16:02:39.888341+00:00
45fb8dae-2529-409d-b6e5-c46a6ef7d726,tree,multiprocessing,XGBoost,10000,105,,8,0,11.98936629993841,263.9670980016051,Titiksha,2026-09-15T16:02:51.881968+00:00
b69f5f24-2c47-48aa-9413-102dc0740a97,tree,multiprocessing,XGBoost,10000,105,,8,1,12.33374889998231,275.5147379990275,Titiksha,2026-09-15T16:03:04.223265+00:00
016ad446-dea8-4447-af9c-057ec3fd10e2,tree,multiprocessing,XGBoost,10000,105,,8,2,12.344412399921566,272.02183300079065,Titiksha,2026-09-15T16:03:16.575241+00:00
7d2efd65-038b-44fc-b11a-8f4c40f161b4,tree,threading,XGBoost,10000,105,,1,0,2.407215900020674,53.36973799956457,Titiksha,2026-09-15T16:03:18.987108+00:00
01605d64-5d65-4b28-9abb-d8c36d9b0915,tree,threading,XGBoost,10000,105,,1,1,2.502708400017582,54.1424059967488,Titiksha,2026-09-15T16:03:21.496505+00:00
acd887b7-3a02-40c9-8af3-f190f0705006,tree,threading,XGBoost,10000,105,,1,2,2.3775063999928534,50.86891200027921,Titiksha,2026-09-15T16:03:23.879835+00:00
0960f910-e417-4b48-b034-13dee950072b,tree,threading,XGBoost,10000,105,,2,0,2.454181000008248,54.28949899952684,Titiksha,2026-09-15T16:03:26.340724+00:00
9a856c52-d850-402f-ac91-3b69130ce9d9,tree,threading,XGBoost,10000,105,,2,1,2.530289499904029,55.40519900091301,Titiksha,2026-09-15T16:03:28.877068+00:00
ac547a3a-564c-4c93-bae5-301e75556b74,tree,threading,XGBoost,10000,105,,2,2,2.5794602000387385,57.02724100022927,Titiksha,2026-09-15T16:03:31.463812+00:00
fc1306d7-8a5f-4cd0-8a33-9b3f6b70f86a,tree,threading,XGBoost,10000,105,,4,0,2.5282476999564096,54.2967310005249,Titiksha,2026-09-15T16:03:33.998498+00:00
78a3f327-7e8f-48b0-a6f2-7559e91e36cd,tree,threading,XGBoost,10000,105,,4,1,2.7863447999116033,60.22580699949209,Titiksha,2026-09-15T16:03:36.790944+00:00
26d0684e-ad48-4ef0-b795-9a23464e217c,tree,threading,XGBoost,10000,105,,4,2,2.5432271000463516,57.31549800149782,Titiksha,2026-09-15T16:03:39.339786+00:00
0a2b86a4-8646-4b1e-a836-50770fd37654,tree,threading,XGBoost,10000,105,,8,0,3.0247145999455824,67.43948599923222,Titiksha,2026-09-15T16:03:42.370265+00:00
adff6c95-8510-4a02-ba8d-6755522a4221,tree,threading,XGBoost,10000,105,,8,1,2.9197314000921324,64.71925800017874,Titiksha,2026-09-15T16:03:45.296713+00:00
d5f6a71d-4580-47fe-a1f7-617c5311ff93,tree,threading,XGBoost,10000,105,,8,2,2.925379900028929,64.7654700008049,Titiksha,2026-09-15T16:03:48.228785+00:00
19cf7a0b-1748-4e89-854e-542838e7212d,tree,joblib,XGBoost,10000,105,,1,0,2.4959216999122873,52.814770000209066,Titiksha,2026-09-15T16:03:50.730848+00:00
e6e203f5-5cbf-41bd-a70d-7bd7febfdc7a,tree,joblib,XGBoost,10000,105,,1,1,2.4618599000386894,53.50464200073457,Titiksha,2026-09-15T16:03:53.198962+00:00
2d5d0e4c-12fc-4f22-8b01-d5e52d08989f,tree,joblib,XGBoost,10000,105,,1,2,2.1817969999974594,48.69588600013852,Titiksha,2026-09-15T16:03:55.387182+00:00
4a2ff034-11a7-487e-ad93-66ab7bbd4f1b,tree,joblib,XGBoost,10000,105,,2,0,5.549736600019969,119.6135270025822,Titiksha,2026-09-15T16:04:00.944483+00:00
f8483900-5a0f-4dac-b7b1-8493f859d189,tree,joblib,XGBoost,10000,105,,2,1,2.392617000034079,54.517586999414114,Titiksha,2026-09-15T16:04:03.345585+00:00
cff73f97-3708-4bc9-a7c9-00f0bfcdaa3d,tree,joblib,XGBoost,10000,105,,2,2,2.3542724000290036,51.941358001283966,Titiksha,2026-09-15T16:04:05.706588+00:00
c856667c-1420-4d2c-b24e-ac03ff091cd3,tree,joblib,XGBoost,10000,105,,4,0,6.984672700054944,154.29719999981995,Titiksha,2026-09-15T16:04:12.698168+00:00
fb2dd9e1-4470-4332-bec2-9748c32d73b7,tree,joblib,XGBoost,10000,105,,4,1,2.500603200052865,55.03127299895105,Titiksha,2026-09-15T16:04:15.207298+00:00
1986a61f-9da8-49e1-a646-19003ec248ec,tree,joblib,XGBoost,10000,105,,4,2,2.362956199911423,50.140226998540705,Titiksha,2026-09-15T16:04:17.579326+00:00
2f4901e8-41a7-4d65-8797-575df358f286,tree,joblib,XGBoost,10000,105,,8,0,10.552667499985546,232.3224380012201,Titiksha,2026-09-15T16:04:28.138529+00:00
26b232dc-6265-4117-beb9-af4817a7a060,tree,joblib,XGBoost,10000,105,,8,1,2.5740185000468045,59.314265001209066,Titiksha,2026-09-15T16:04:30.721813+00:00
da5fb74c-a163-4a2e-b644-10dd8b09e932,tree,joblib,XGBoost,10000,105,,8,2,2.4676538999192417,54.53656200198331,Titiksha,2026-09-15T16:04:33.198705+00:00
5828bcd5-9786-4f20-8b86-f03e14e5f60c,tree,ray,XGBoost,10000,105,,1,0,12.533533400041051,241.67438899882487,Titiksha,2026-09-15T16:04:45.738487+00:00
72e352f3-25a2-4637-a700-82d7011b4f00,tree,ray,XGBoost,10000,105,,1,1,10.54696690000128,229.80084100221455,Titiksha,2026-09-15T16:04:56.288515+00:00
76bf40ff-7ca7-4b60-9e28-11b5d4000e20,tree,ray,XGBoost,10000,105,,1,2,12.340853900066577,254.65382199740816,Titiksha,2026-09-15T16:05:08.632564+00:00
836ecd91-cac8-4247-b230-1f0a0144e7ed,tree,ray,XGBoost,10000,105,,2,0,9.17017069994472,246.46708500069002,Titiksha,2026-09-15T16:05:17.806000+00:00
5daffcf9-78bc-4e59-b0bf-87bc844ed6ea,tree,ray,XGBoost,10000,105,,2,1,12.452960100024939,243.42303199862414,Titiksha,2026-09-15T16:05:30.262782+00:00
431eb603-0e45-4b89-aad7-f851763a63d6,tree,ray,XGBoost,10000,105,,4,0,8.39221349998843,273.1758670003526,Titiksha,2026-09-15T16:06:10.389691+00:00
7cbc11bf-25e9-4c12-ae05-e6a03161954b,tree,ray,XGBoost,10000,105,,4,1,9.79262209997978,272.8675029996186,Titiksha,2026-09-15T16:06:20.186854+00:00
2e155dee-2bc9-4796-a30a-ed11e3102f13,tree,ray,XGBoost,10000,105,,4,2,12.009477799991146,269.52082300149004,Titiksha,2026-09-15T16:06:32.200703+00:00
2a2ef3e8-799b-4629-8baf-afeec36446a3,tree,ray,XGBoost,10000,105,,8,1,9.548234899993986,329.1409150006252,Titiksha,2026-09-15T16:07:13.669565+00:00
a1cb117b-6fd1-44bf-895e-23b392495237,tree,ray,XGBoost,10000,105,,8,2,9.915257800021209,349.0082699993735,Titiksha,2026-09-15T16:07:23.594823+00:00
8344a7c5-8003-4576-8624-2c53a4c4794b,tree,serial,RandomForest,48842,105,,1,0,16886.09793789999,227061.51774000097,Titiksha,2026-09-15T20:48:45.743148+00:00
ea2d2f2b-f40e-461c-b708-091ff2db8acf,tree,serial,RandomForest,48842,105,,1,1,6513.709530599997,139648.7066279989,Titiksha,2026-09-15T22:37:19.467145+00:00
b613f0de-102e-42e2-b248-55f43645fea4,tree,serial,RandomForest,48842,105,,1,2,5903.145484299981,132491.81471799893,Titiksha,2026-09-16T00:15:42.616497+00:00
0bc0c163-2e7e-40a9-bef7-32635f27b891,tree,serial,RandomForest,48842,105,,2,0,5902.675666099996,132660.7681849998,Titiksha,2026-09-16T01:54:05.296184+00:00
de08b4e6-4127-4787-aaf2-92f529a4c8e1,tree,serial,RandomForest,48842,105,,2,1,5900.85457570001,132814.54195499927,Titiksha,2026-09-16T03:32:26.154216+00:00
0c1f3b64-95ee-4135-8630-4080f1085cc5,tree,serial,RandomForest,48842,105,,2,2,5930.762099700049,133148.36715100097,Titiksha,2026-09-16T05:11:16.920090+00:00
943ef5a5-bc3b-48c2-8dc6-0008f5ca9cda,tree,serial,RandomForest,48842,105,,4,0,5917.727350499947,133234.64532899938,Titiksha,2026-09-16T06:49:54.651725+00:00
bd5393a1-bf2b-4690-9885-73824aaedcb7,tree,serial,RandomForest,48842,105,,4,1,5920.98506690003,133175.77456800328,Titiksha,2026-09-16T08:28:35.640318+00:00
7004ca75-6279-485a-9f7c-d40e6b3fa8bb,tree,serial,RandomForest,48842,105,,4,2,6001.211500799982,131855.14015799892,Titiksha,2026-09-16T10:08:36.856069+00:00
87328498-bf77-475c-bd6d-6e36c4c1bafc,tree,serial,RandomForest,48842,105,,8,0,15553.232676399988,222204.47387699972,Titiksha,2026-09-16T14:27:50.096798+00:00
755c0d64-446f-41cb-a838-d2bc62977423,tree,serial,RandomForest,48842,105,,8,1,7875.358532499988,150385.18531800213,Titiksha,2026-09-16T16:39:05.464497+00:00
a4262026-a426-42c1-9670-561c0bb74c4d,tree,serial,RandomForest,48842,105,,8,2,6047.92633009993,132908.0422339981,Titiksha,2026-09-16T18:19:53.396617+00:00
9c5cfd7f-5b42-4104-a279-ee8a79340e7a,tree,multiprocessing,RandomForest,48842,105,,1,0,6091.659474199987,133769.08119400137,Titiksha,2026-09-16T20:01:25.063929+00:00
700e4050-1379-449c-9ba6-3245ceceb3a6,tree,multiprocessing,RandomForest,48842,105,,1,1,15007.37307089998,216783.65635399846,Titiksha,2026-09-17T00:11:32.447074+00:00
e91b8e1f-4d80-4244-8cd0-fbb1089c6f2b,tree,multiprocessing,RandomForest,48842,105,,1,2,6028.2762925999705,132365.78673499898,Titiksha,2026-09-17T01:52:00.730984+00:00
343ad29d-2199-45c1-9224-eb7641acf5cb,tree,multiprocessing,RandomForest,48842,105,,2,0,3660.4258951999946,80424.81688299974,Titiksha,2026-09-17T02:53:01.163265+00:00
12b2faf3-fcaa-42ef-a1be-bf441b556204,tree,multiprocessing,RandomForest,48842,105,,2,1,3793.5832106999587,83350.62073500108,Titiksha,2026-09-17T03:56:14.751715+00:00
f55d6f39-8b03-440d-8cea-b2e9dff397c4,tree,multiprocessing,RandomForest,48842,105,,2,2,3767.3677611999447,82802.06573000032,Titiksha,2026-09-17T04:59:02.124423+00:00
e529c35f-12aa-4fa1-b351-1cdfd418ac7c,tree,multiprocessing,RandomForest,48842,105,,4,0,2465.5308126000455,54107.455028000826,Titiksha,2026-09-17T05:40:07.659598+00:00
4cc52060-e5fc-4e89-8523-f57aeef0ccfd,tree,multiprocessing,RandomForest,48842,105,,4,1,2463.907078899909,54141.93797199865,Titiksha,2026-09-17T06:21:11.571623+00:00
9e023037-3c5e-4b02-a8a1-13cb98b21327,tree,multiprocessing,RandomForest,48842,105,,4,2,2479.981717300019,54468.95014899899,Titiksha,2026-09-17T07:02:31.558776+00:00
8c180fc3-93ec-4860-9e4e-ebcff4eab542,tree,multiprocessing,RandomForest,48842,105,,8,0,1976.9527283000061,43422.313353999445,Titiksha,2026-09-17T07:35:28.516308+00:00
b0b3a566-58f2-42a5-8e86-5c93b422242d,tree,multiprocessing,RandomForest,48842,105,,8,1,1975.2526665999321,43390.97502899802,Titiksha,2026-09-17T08:08:23.775461+00:00
f45c993b-c4e8-4fe9-96bb-6474112173a3,tree,multiprocessing,RandomForest,48842,105,,8,2,2697.7867627999512,48628.31406000003,Titiksha,2026-09-17T08:53:21.571139+00:00
e4ee3674-90a4-414c-a983-4aba3c43c22e,tree,ray,XGBoost,10000,105,,2,2,12.132431499999996,377.6356229976,Titiksha,2026-09-18T04:31:46.407362+00:00
efc2a1d9-ad3c-451c-b6aa-28d7224e0c8d,tree,ray,XGBoost,10000,105,,8,0,11.578477599999985,391.99518599920043,Titiksha,2026-09-18T04:31:57.989286+00:00
303b993b-ab9d-4618-8cd3-7a7f5d46b255,tree,threading,RandomForest,48842,105,,1,0,6396.2931705,147644.3130349988,Titiksha,2026-09-18T06:18:34.288200+00:00
8688af71-34db-4981-8de0-527d85b84f9c,tree,threading,RandomForest,48842,105,,1,1,5893.8067615,134812.374979002,Titiksha,2026-09-18T07:56:48.099989+00:00
eee21840-9cbe-4c26-92ba-05b547878a31,tree,threading,RandomForest,48842,105,,1,2,5893.5821552,134939.381996,Titiksha,2026-09-18T09:35:01.685277+00:00
d5aaa816-b708-469b-95b6-54eb4b17cc94,tree,threading,RandomForest,48842,105,,2,0,5942.870105000002,133491.60316899963,Titiksha,2026-09-18T11:14:04.558542+00:00
27aec953-f467-4aa3-8532-aed697202ffc,tree,threading,RandomForest,48842,105,,2,1,11445.623481800001,213248.01142100082,Titiksha,2026-09-19T15:59:28.708787+00:00
dd56926f-8dde-4568-98d6-d98e15a90f45,tree,threading,RandomForest,48842,105,,2,2,15185.602044899999,230323.79858299962,Titiksha,2026-09-19T20:12:30.217387+00:00
f4b9c545-ff6d-4134-a5df-d2503bbe407c,tree,threading,RandomForest,48842,105,,4,0,9696.140292899996,168133.02552700043,Titiksha,2026-09-19T22:54:06.372892+00:00
23322659-1936-4d57-a09a-b1e34393dcd6,tree,threading,RandomForest,48842,105,,4,1,6073.264005099998,133412.0832509972,Titiksha,2026-09-20T00:35:19.642542+00:00
b5986ab4-c394-4b51-881c-62503c039ae5,tree,threading,RandomForest,48842,105,,4,2,6063.982240199999,133295.53713799993,Titiksha,2026-09-20T02:16:23.628080+00:00
c4f2823e-9db8-44ed-b329-5c04232304d4,tree,threading,RandomForest,48842,105,,8,0,6051.327147699994,132950.8130400017,Titiksha,2026-09-20T03:57:14.958753+00:00
430a4ea2-eb48-4c79-b559-d57ff1d9ff6d,tree,threading,RandomForest,48842,105,,8,1,6060.132470900004,133149.64125899808,Titiksha,2026-09-20T05:38:15.094503+00:00
0e34e863-e2ef-464f-9f1d-d58808a0df41,tree,threading,RandomForest,48842,105,,8,2,14424.2619863,212891.14766700284,Titiksha,2026-09-20T15:08:40.033783+00:00
4b5941d2-250b-4526-a74c-7343fcab33f7,tree,joblib,RandomForest,48842,105,,1,0,15216.791109900005,214261.23797299928,Titiksha,2026-09-20T19:22:12.508942+00:00
88ff627c-604c-4e3e-9c77-9a524c0c12c2,tree,joblib,RandomForest,48842,105,,1,1,10721.749902700001,184403.9693809997,Titiksha,2026-09-20T22:20:54.162142+00:00
d1ff38e0-9c64-4fba-b8cf-d729fc5f2ed6,tree,joblib,RandomForest,48842,105,,1,2,8286.967846300002,156260.77373500037,Titiksha,2026-09-21T00:39:01.133458+00:00
365c8fbc-ded8-425e-8947-d8a471b61b24,tree,joblib,RandomForest,48842,105,,2,0,12831.32341360001,170101.772057,Titiksha,2026-09-21T04:12:52.467769+00:00
5677de20-9007-4030-a4ff-266ba1099120,tree,joblib,RandomForest,48842,105,,2,1,3400.897804200009,84356.93636300061,Titiksha,2026-09-21T05:09:33.371924+00:00
c22cba80-548b-4a8b-bc95-d417fdda883c,tree,joblib,RandomForest,48842,105,,2,2,3322.263634300005,84489.0937850017,Titiksha,2026-09-21T06:04:55.641300+00:00
c75fc8e5-6144-448a-ac2c-f0587b4792ff,tree,joblib,RandomForest,48842,105,,4,0,2134.4163517999987,53910.44381599941,Titiksha,2026-09-21T06:40:30.062215+00:00
04a201a8-0dc8-47f0-990c-97d0163c197d,tree,joblib,RandomForest,48842,105,,4,1,2148.1329492000223,53586.00277100116,Titiksha,2026-09-21T07:16:18.200195+00:00
8ca1e719-a145-427e-8a6b-b7111fddf68d,tree,joblib,RandomForest,48842,105,,4,2,2314.841286699986,56697.82242499863,Titiksha,2026-09-21T07:54:53.045553+00:00
85680b2f-3e2e-4a12-af70-05d1aaae208b,tree,joblib,RandomForest,48842,105,,8,0,1736.5053782000032,43217.495704000394,Titiksha,2026-09-21T08:23:49.555463+00:00
510d7ab5-2d78-44d1-9b53-feb4d1847604,tree,joblib,RandomForest,48842,105,,8,1,1736.6160437999933,42887.64971399779,Titiksha,2026-09-21T08:52:46.176154+00:00
9d9e74d3-2474-430e-ace1-c8ec3662e7f3,tree,joblib,RandomForest,48842,105,,8,2,1728.0128818000085,42921.39286000074,Titiksha,2026-09-21T09:21:34.192772+00:00
583830e5-ae22-45e6-9529-7359c261b530,tree,ray,RandomForest,48842,105,,1,0,15854.314224300004,217857.40892899863,Titiksha,2026-09-21T13:45:48.633569+00:00
dd8f296b-1119-4816-a479-9765050ac0ab,tree,ray,RandomForest,48842,105,,1,1,9088.0547257,148738.8418619989,Titiksha,2026-09-21T16:17:16.749724+00:00
ecabf13b-1ff0-4952-bb18-f56922475148,tree,ray,RandomForest,48842,105,,1,2,10425.194769399997,159429.89341199966,Titiksha,2026-09-21T19:11:01.978689+00:00
829ba72e-df96-45c3-9601-f7bfda352a38,tree,ray,RandomForest,48842,105,,2,0,5360.109675000014,94840.10889099842,Titiksha,2026-09-21T20:40:22.112275+00:00
565fa208-0453-401d-85d8-a9ecb86e9e06,tree,ray,RandomForest,48842,105,,2,1,5065.050347000011,84390.13605799977,Titiksha,2026-09-21T22:04:47.184347+00:00
832d0abf-9dd8-4457-a41a-7fe44dc86574,tree,ray,RandomForest,48842,105,,2,2,9029.18379489999,126289.5107699991,Titiksha,2026-09-22T00:35:16.402460+00:00
2d535caf-6a78-43fe-b6ed-c81bc8c1315e,tree,ray,RandomForest,48842,105,,4,0,7718.864948800008,97809.72691199987,Titiksha,2026-09-22T02:43:55.301814+00:00
d332c453-4459-465e-aa9e-d8ab141ff976,tree,ray,RandomForest,48842,105,,4,1,28525.769414900016,315650.91630899825,Titiksha,2026-09-22T10:39:13.586649+00:00
aff4d3a8-a4f5-4aa9-959e-a71955ec5bee,tree,ray,RandomForest,48842,105,,4,2,2650.9622670000244,58294.18860199942,Titiksha,2026-09-22T11:23:24.388106+00:00
cf36b912-cbfb-4cea-b931-3f49965a878f,tree,ray,RandomForest,48842,105,,8,0,2053.050695999991,45080.36358200087,Titiksha,2026-09-22T11:57:37.380385+00:00
a04344f0-7098-4c6f-960d-3658ecc9b4ff,tree,ray,RandomForest,48842,105,,8,1,2022.0989850000187,44428.808229003014,Titiksha,2026-09-22T12:31:19.450995+00:00
07622fdb-c800-43d4-aaac-1c915edb1f63,tree,ray,RandomForest,48842,105,,8,2,2024.7171390999865,44440.212283000146,Titiksha,2026-09-22T13:05:04.155738+00:00
54b8e31d-c130-4940-89a9-047fe2544fee,tree,serial,XGBoost,48842,105,,1,0,10.616704199986998,235.5297620018071,Titiksha,2026-09-22T13:05:14.777150+00:00
b2fdf66e-26be-4d1f-8ef8-fd7db6bf88a1,tree,serial,XGBoost,48842,105,,1,1,10.52974379999796,231.47988599925284,Titiksha,2026-09-22T13:05:25.311298+00:00
996b8313-0018-4721-b76a-8adb6583d0f6,tree,serial,XGBoost,48842,105,,1,2,10.57316259999061,233.42081799997416,Titiksha,2026-09-22T13:05:35.889286+00:00
e248b059-e829-44e9-976c-65dfe3492feb,tree,serial,XGBoost,48842,105,,2,0,10.440841000003275,230.0441160003608,Titiksha,2026-09-22T13:05:46.335032+00:00
3fa82acd-de61-4a4e-bd1e-187e25d7f681,tree,serial,XGBoost,48842,105,,2,1,10.4537224000087,230.4286360018004,Titiksha,2026-09-22T13:05:56.793312+00:00
35bfb069-d7c9-46b1-a681-e7ec04629d26,tree,serial,XGBoost,48842,105,,2,2,10.915987699991092,239.10426499780257,Titiksha,2026-09-22T13:06:07.713740+00:00
a2383af8-2b98-41ac-8790-a12e36a4f172,tree,serial,XGBoost,48842,105,,4,0,10.602779600012582,231.00881600104373,Titiksha,2026-09-22T13:06:18.320640+00:00
cc313d70-398e-4e09-b40c-f61c1f08eb85,tree,serial,XGBoost,48842,105,,4,1,10.273024399997666,226.89169900091954,Titiksha,2026-09-22T13:06:28.598447+00:00
3305efa9-470e-4231-87e0-5b7af452ea6d,tree,serial,XGBoost,48842,105,,4,2,10.720072500000242,233.1962969997825,Titiksha,2026-09-22T13:06:39.323205+00:00
69cd6646-c40f-40b9-b6fb-6d220a6c6e96,tree,serial,XGBoost,48842,105,,8,0,10.380586499988567,229.2987879970454,Titiksha,2026-09-22T13:06:49.708500+00:00
c270fa79-c0e9-4f96-b625-1a27aa1c32e0,tree,serial,XGBoost,48842,105,,8,1,10.504677099990658,229.73498400036263,Titiksha,2026-09-22T13:07:00.217635+00:00
059ad582-50e8-433f-a4f6-2aab5ff4a3f3,tree,serial,XGBoost,48842,105,,8,2,10.520162699976936,231.92100799978022,Titiksha,2026-09-22T13:07:10.742256+00:00
e28dbe38-95d9-45ab-a325-d24b36209c17,tree,multiprocessing,XGBoost,48842,105,,1,0,14.380145000002813,311.2061490027074,Titiksha,2026-09-22T13:07:25.125965+00:00
1f09b559-3c4c-46f4-b7af-c373db1cde1f,tree,multiprocessing,XGBoost,48842,105,,1,1,13.422291199996835,294.60007999801974,Titiksha,2026-09-22T13:07:38.551426+00:00
4e9446a4-5355-4779-b7d2-aa2e4a6fc092,tree,multiprocessing,XGBoost,48842,105,,1,2,13.15083249998861,291.5847370027258,Titiksha,2026-09-22T13:07:51.705267+00:00
14a5d1ea-d7f9-4737-bf04-c47b5b4c16f4,tree,multiprocessing,XGBoost,48842,105,,2,0,13.769597799982876,303.34578899742223,Titiksha,2026-09-22T13:08:05.477971+00:00
062382a4-52b3-491b-ab16-6d5ba1343c77,tree,multiprocessing,XGBoost,48842,105,,2,1,14.115598599979421,310.37279800010253,Titiksha,2026-09-22T13:08:19.596980+00:00
a7bfad33-bbe7-4964-a663-5f911e8871ab,tree,multiprocessing,XGBoost,48842,105,,2,2,14.012448599998606,305.8564390005181,Titiksha,2026-09-22T13:08:33.612726+00:00
90a2b35a-d9e4-4513-a09f-a1610d84559f,tree,multiprocessing,XGBoost,48842,105,,4,0,15.339458600006765,339.30125499956887,Titiksha,2026-09-22T13:08:48.955615+00:00
a0c36eb5-044f-4c7d-b56e-6355c4823d6f,tree,multiprocessing,XGBoost,48842,105,,4,1,15.944741399987834,351.106892997155,Titiksha,2026-09-22T13:09:04.904004+00:00
19d09735-ca76-44a2-ba80-d546d7bf00c9,tree,multiprocessing,XGBoost,48842,105,,4,2,15.443868800008204,340.70122300349226,Titiksha,2026-09-22T13:09:20.351642+00:00
538ddfb4-8538-4be0-8699-1f6e19a7698a,tree,multiprocessing,XGBoost,48842,105,,8,0,18.720679099991685,411.06189499782175,Titiksha,2026-09-22T13:09:39.075978+00:00
84ca982a-c9cb-436a-b1f5-dd851a12e795,tree,multiprocessing,XGBoost,48842,105,,8,1,18.750309600000037,412.1189449989515,Titiksha,2026-09-22T13:09:57.829982+00:00
7f8d350b-bc13-43b7-97f0-afe4dabcb3b6,tree,multiprocessing,XGBoost,48842,105,,8,2,18.980664799979422,415.15850500104534,Titiksha,2026-09-22T13:10:16.814627+00:00
8e5809f7-e7ad-45f8-9bbf-51b5dde572e8,tree,threading,XGBoost,48842,105,,1,0,10.801544200017815,236.15355400146143,Titiksha,2026-09-22T13:10:27.620688+00:00
fc598d71-f687-4c90-bee1-8a7f5dfd54e0,tree,threading,XGBoost,48842,105,,1,1,10.90850779999164,238.5902439976384,Titiksha,2026-09-22T13:10:38.533453+00:00
0e411d85-ae9f-4a05-90d3-dc4b36a7f8c8,tree,threading,XGBoost,48842,105,,1,2,10.26404830001411,227.80552600298876,Titiksha,2026-09-22T13:10:48.801658+00:00
7c322143-2df0-4fc5-806c-00ff60d6de11,tree,threading,XGBoost,48842,105,,2,0,10.537842199992156,231.06766899951836,Titiksha,2026-09-22T13:10:59.344477+00:00
6bf5fd4e-55b2-4ee4-bd57-88b365bfef16,tree,threading,XGBoost,48842,105,,2,1,10.547812599979807,228.877320999743,Titiksha,2026-09-22T13:11:09.897071+00:00
84f0f030-53a1-48ab-94cb-3e33fee2e1e6,tree,threading,XGBoost,48842,105,,2,2,10.510565700009465,227.99068999832528,Titiksha,2026-09-22T13:11:20.412571+00:00
afe19a45-01e2-4143-8ba0-69c5831e1eee,tree,threading,XGBoost,48842,105,,4,0,10.418450299999677,232.4346630039109,Titiksha,2026-09-22T13:11:30.836590+00:00
0696a800-1063-427a-9b3e-0fd9b7d8104a,tree,threading,XGBoost,48842,105,,4,1,10.414698900014628,228.41019099706372,Titiksha,2026-09-22T13:11:41.256532+00:00
a9d6d7c5-dc1e-40b6-a695-e1ac51241712,tree,threading,XGBoost,48842,105,,4,2,10.547806999995373,231.24144699950833,Titiksha,2026-09-22T13:11:51.809410+00:00
53e05da6-d91e-4c04-8b42-aa9094761fb9,tree,threading,XGBoost,48842,105,,8,0,10.675490099994931,235.67662299877057,Titiksha,2026-09-22T13:12:02.490188+00:00
5012d8bf-a1fa-4977-a288-09c36affeea8,tree,threading,XGBoost,48842,105,,8,1,10.686192399996798,234.93534400058635,Titiksha,2026-09-22T13:12:13.181888+00:00
b993d1ef-b213-4571-94e6-c734f1ba1ea3,tree,threading,XGBoost,48842,105,,8,2,10.685149199998705,234.48365099678625,Titiksha,2026-09-22T13:12:23.872029+00:00
95d31d11-e9f5-4903-b846-ab4464cd3c56,tree,joblib,XGBoost,48842,105,,1,0,10.77523560001282,236.16732099940307,Titiksha,2026-09-22T13:12:34.651962+00:00
540b3e9f-e039-48e5-8ad0-617862051015,tree,joblib,XGBoost,48842,105,,1,1,10.345022800000152,230.28516000191956,Titiksha,2026-09-22T13:12:45.001705+00:00
adc4486d-4bce-46ec-a0aa-5876531d9aa8,tree,joblib,XGBoost,48842,105,,1,2,10.449651100003393,226.94580599740277,Titiksha,2026-09-22T13:12:55.456103+00:00
7e25f1b0-8232-4584-8a74-3b60af2cdf42,tree,joblib,XGBoost,48842,105,,2,0,13.503508699999657,295.17251799902056,Titiksha,2026-09-22T13:13:08.964093+00:00
d23a9336-0c01-4fdc-b8cc-de70389e95b3,tree,joblib,XGBoost,48842,105,,2,1,10.681720099993981,232.38953200097612,Titiksha,2026-09-22T13:13:19.650967+00:00
6375b074-f186-439c-832e-015dc43ea7dc,tree,joblib,XGBoost,48842,105,,2,2,10.685270199988736,237.7178080005926,Titiksha,2026-09-22T13:13:30.341688+00:00
49a81f14-e265-483d-b27b-86497760edbf,tree,joblib,XGBoost,48842,105,,4,0,14.539986399991903,321.3019780011095,Titiksha,2026-09-22T13:13:44.886916+00:00
95273901-a6ab-4687-9066-63541317d6f9,tree,joblib,XGBoost,48842,105,,4,1,10.51373850001255,229.27837599775458,Titiksha,2026-09-22T13:13:55.405612+00:00
e0db46e4-e906-4e9f-87d8-728febb85c2e,tree,joblib,XGBoost,48842,105,,4,2,10.825262199999997,236.03489299963698,Titiksha,2026-09-22T13:14:06.234398+00:00
7d716e07-00f6-467b-81a5-1ce69f28d808,tree,joblib,XGBoost,48842,105,,8,0,17.056058399990434,375.6570669980697,Titiksha,2026-09-22T13:14:23.294331+00:00
67e4a6b3-945a-4609-9226-b1975be23215,tree,joblib,XGBoost,48842,105,,8,1,10.538984300015727,235.21528900296573,Titiksha,2026-09-22T13:14:33.837935+00:00
7ef9ebeb-b211-4ee7-9329-8a6410621a64,tree,joblib,XGBoost,48842,105,,8,2,10.552515899995342,229.1511170016136,Titiksha,2026-09-22T13:14:44.394367+00:00
9bbaadc0-10b5-42be-a58c-505314f4f246,tree,ray,XGBoost,48842,105,,1,0,30.49009340000339,662.3169889993897,Titiksha,2026-09-22T13:15:14.887635+00:00
d90b5690-a019-45f2-b7cf-fef1e62786c3,tree,ray,XGBoost,48842,105,,1,1,31.670623100013472,706.7022669987821,Titiksha,2026-09-22T13:15:46.561063+00:00
d21d6731-b842-41bd-bc28-531b15f6f557,tree,ray,XGBoost,48842,105,,1,2,32.97018720000051,723.3635959984497,Titiksha,2026-09-22T13:16:19.534001+00:00
f510e361-912d-4225-9de0-bf7fe75b98d6,tree,ray,XGBoost,48842,105,,2,0,27.25645529999747,598.1746559999834,Titiksha,2026-09-22T13:16:46.793256+00:00
647db104-22fc-4d87-91b5-ff5f2e85e904,tree,ray,XGBoost,48842,105,,2,1,24.170761599991238,533.6182930006928,Titiksha,2026-09-22T13:17:10.967679+00:00
da44fd87-faba-4559-9296-fb3a53f88299,tree,ray,XGBoost,48842,105,,2,2,21.756570700003067,478.7432360014776,Titiksha,2026-09-22T13:17:32.727555+00:00
4de216a0-5b13-4f95-a5e9-b06e7c444310,tree,ray,XGBoost,48842,105,,4,0,20.040012299985392,446.7905299995856,Titiksha,2026-09-22T13:17:52.770538+00:00
45a3e5cc-e1b7-4de0-bda4-36f774ec1205,tree,ray,XGBoost,48842,105,,4,1,19.70448809998925,434.4044659995383,Titiksha,2026-09-22T13:18:12.478688+00:00
b67c5012-4c75-44e2-9607-c4e5e15a396d,tree,ray,XGBoost,48842,105,,4,2,19.4275617999956,426.9126839975712,Titiksha,2026-09-22T13:18:31.909680+00:00
c19c9b12-41fa-4159-91ca-1b86d65ea04c,tree,ray,XGBoost,48842,105,,8,0,22.568754899984924,498.6019840019118,Titiksha,2026-09-22T13:18:54.481332+00:00
5c362509-3d84-40ca-9172-cca13df436ad,tree,ray,XGBoost,48842,105,,8,1,22.82891720000771,503.68733599901464,Titiksha,2026-09-22T13:19:17.313764+00:00
ec1fe42a-8738-453e-9deb-9dc6f5412430,tree,ray,XGBoost,48842,105,,8,2,22.473559300007764,492.5569440013433,Titiksha,2026-09-22T13:19:39.790513+00:00
