model,n_rows,strategy,n_cores,median_wall_time_sec,median_energy_joules,mean_wall_time_sec,mean_energy_joules,std_wall_time_sec,std_energy_joules,repeats,median_wall_time_min,energy_per_second
RandomForest,1000,joblib,8,34.2981006000191,920.5197619997592,36.56819860000784,996.8395013339667,5.3191852850122645,145.99327818996494,3,0.5716350100003182,26.838797073189724
RandomForest,1000,joblib,4,38.296925500035286,1190.6993349991374,38.01617916667601,1221.8096513332666,0.9556047342327484,65.36001048381382,3,0.6382820916672548,31.09125130679329
RandomForest,1000,multiprocessing,8,39.37713489995804,1098.2279009999645,40.23519646665469,1108.6591523325471,1.7788072360070684,30.22156053295406,3,0.6562855816659673,27.889990061240713
RandomForest,1000,ray,8,41.28645159996813,1141.8574289978585,41.60861029999796,1142.7319060007976,1.0646880660604323,1.7652491858060255,3,0.6881075266661355,27.656952456498825
RandomForest,1000,multiprocessing,4,46.4058469000156,1286.4292879989928,44.81304340000497,1293.6595530000366,3.3286529893375176,46.534565235503884,3,0.7734307816669266,27.721275958408604
RandomForest,1000,ray,4,48.330180799996015,1362.7995770000025,46.56505193332365,1371.8127066673733,3.871088330779742,37.37099093161776,3,0.8055030133332669,28.197692506875846
RandomForest,1000,joblib,2,63.66883600002621,1867.4450160008396,64.07744313334115,1877.2004253332277,1.8839924641630077,53.52297008582113,3,1.0611472666671036,29.33059771973954
RandomForest,1000,ray,2,71.53688050003257,2045.17378300038,71.65020663335842,2041.626359667912,2.8457501708608985,45.38424495946528,3,1.1922813416672093,28.589082564194968
RandomForest,1000,multiprocessing,2,72.37598630000139,1992.9250409999725,73.0266713333355,2040.3415403341703,7.8525594407317865,163.68220628757896,3,1.2062664383333563,27.535722038235413
RandomForest,1000,joblib,1,120.15576940000756,2715.672979998754,120.29998473334126,2719.1337850009586,0.32403421329865034,14.815690390397853,3,2.0025961566667925,22.601269947829763
RandomForest,1000,serial,4,120.18472509999992,2739.858129001306,120.22015486667321,2746.3876853345296,0.11499053392940319,11.318961710786445,3,2.0030787516666653,22.797057835108433
RandomForest,1000,serial,2,120.332136299985,2759.3957220015664,121.16588609997416,2851.934363665789,1.712501338014237,172.44911925707072,3,2.00553560499975,22.931494502203982
RandomForest,1000,threading,1,120.37013369996566,2739.2589959976126,120.39997919998132,2750.055396999806,0.22440464830460116,22.285992054687135,3,2.0061688949994276,22.756965634228536
RandomForest,1000,serial,8,120.37231589999284,2743.808908998687,120.29626213334268,2751.9784299993084,0.14492818871549284,17.609107579534257,3,2.0062052649998807,22.794351745116256
RandomForest,1000,threading,2,120.59855639998568,2746.022529000819,120.57830756665983,2741.2580919995635,0.15456891059609174,8.330817250927002,3,2.0099759399997614,22.769945271095672
RandomForest,1000,threading,4,120.82858130004024,2737.289135001074,120.89748250000412,2748.5656126661015,0.20018713181616118,27.391677342716406,3,2.013809688334004,22.654318254419184
RandomForest,1000,threading,8,121.23836140002824,2741.736884999453,121.17709386664986,2742.5731253330323,0.13461189601415516,3.890457863713333,3,2.0206393566671372,22.614433693581862
RandomForest,1000,multiprocessing,1,122.79622849996667,2814.7801269973397,125.67682249999295,3067.071612333333,5.237626204593245,451.83659006004353,3,2.0466038083327778,22.922366276079103
RandomForest,1000,ray,1,126.87838170002216,2932.6397689994637,127.2650408000142,2955.643047332529,2.1459171684148126,77.77160415382589,3,2.114639695000369,23.113786050117564
RandomForest,1000,serial,1,127.12282190000406,2743.853322001251,146.4394789999933,2883.058491000631,37.96534785587881,251.46466911428425,3,2.118713698333401,21.58427008613442
RandomForest,10000,joblib,8,314.09369350003544,8754.953805999377,314.78075003332924,8790.417808333628,2.3650697863493244,86.02716483952298,3,5.234894891667257,27.873701341916277
RandomForest,10000,multiprocessing,8,337.58743379998486,8847.617341001223,337.6023450000018,8858.946492000718,1.4483652687936475,20.513511329529184,3,5.6264572299997475,26.208372869243984
RandomForest,10000,joblib,4,403.1587289000163,11272.479749998633,404.22041200000484,11256.657094332613,2.8319176149511187,36.53027953350005,3,6.7193121483336045,27.96040105780326
RandomForest,10000,multiprocessing,4,421.5537101000082,11152.647723000351,421.39402373332996,11147.557118000885,0.49021754447204124,20.470795926800967,3,7.025895168333469,26.456054011135446
RandomForest,10000,ray,8,422.4471935000038,9720.77243100069,426.8045266333502,9780.004583334832,13.78866223364696,107.78829728606289,3,7.040786558333396,23.010621399714907
RandomForest,10000,ray,4,558.8507305000676,13600.990781998613,568.1189610333726,13566.449647666246,33.680634913272456,166.2107784698779,3,9.314178841667793,24.337430443775663
RandomForest,10000,joblib,2,625.2466129000532,18089.954697000656,640.0626074333753,18360.292345000253,27.037089450164835,503.29319090384365,3,10.420776881667553,28.932511306370515
RandomForest,10000,multiprocessing,2,687.6161798000103,18145.62078499967,687.7030271000112,18120.55781466643,9.377448274242276,200.1672182438128,3,11.460269663333504,26.38917075842694
RandomForest,10000,serial,8,1198.1027246000012,27222.072072998548,1198.0148294999963,27254.648266332002,0.27341964970934957,69.88863328173882,3,19.968378743333353,22.720983363164382
RandomForest,10000,serial,4,1198.224889599951,27254.70905699876,1198.133400899979,27249.089600667125,0.5773643489661829,19.382852060224852,3,19.97041482666585,22.74590462404619
RandomForest,10000,joblib,1,1198.5733687001048,26883.475148999005,1198.6488901667374,26870.34539033257,0.3744001890966413,24.517063897123144,3,19.976222811668414,22.429561552961154
RandomForest,10000,multiprocessing,1,1198.7968380000093,27333.284883000542,1198.7861807000202,27347.075705000883,0.14112377774387896,29.364258105261676,3,19.979947300000156,22.800598080156373
RandomForest,10000,threading,1,1198.9193369999994,26963.04467500188,1198.995609033329,26995.009819334402,0.5762943154991722,108.83538224555353,3,19.98198894999999,22.48945683240898
RandomForest,10000,serial,2,1199.5621309999842,27590.711060000074,1444.3253149000036,29011.34383333324,424.42895362920666,2551.298156196356,3,19.99270218333307,23.000651943721987
RandomForest,10000,threading,2,1200.0037827999913,26951.26733799894,1200.6853357666598,27011.511137666155,1.3508136309523173,133.9555391352099,3,20.000063046666522,22.45931864907379
RandomForest,10000,threading,4,1201.4711661000038,26973.052352000883,1201.7277407333215,26975.803663000508,0.6241568114786564,21.66077523273878,3,20.024519435000062,22.45002053570364
RandomForest,10000,threading,8,1203.7107001999975,26914.316558999075,1204.0650336999872,26914.294594999792,1.1204008698544554,63.76958383441839,3,20.061845003333293,22.359456100645478
RandomForest,10000,serial,1,1317.0943897999823,27597.0979719997,1407.422963533337,28338.83913333279,259.6417202054184,1525.52353235762,3,21.951573163333038,20.953014594641676
RandomForest,10000,ray,2,1920.8246760000477,27402.42486400344,1775.4032924999872,26986.43431033529,918.9718077257885,8185.155664934041,3,32.0137446000008,14.265968782255877
RandomForest,10000,ray,1,3917.688133999938,49301.99174800136,3655.794491400011,48217.52897300094,801.6848323616946,6237.091808588502,3,65.2948022333323,12.58446054450595
RandomForest,48842,joblib,8,1736.5053782000032,42921.39286000074,1733.7114346000017,43008.84609266631,4.9354016786365005,181.4818040684667,3,28.941756303333385,24.717109085196995
RandomForest,48842,multiprocessing,8,1976.952728300006,43422.313353999445,2216.66405256663,45147.2008143325,416.66535646623953,3014.7732243943206,3,32.94921213833343,21.96426486704038
RandomForest,48842,ray,8,2024.7171390999863,44440.21228300015,2033.2889400333322,44649.794698001344,17.16417582895064,372.92718594028685,3,33.745285651666435,21.948849755257378
RandomForest,48842,joblib,4,2148.1329492000223,53910.44381599941,2199.1301959000025,54731.42300399973,100.44316134834732,1710.66084017215,3,35.80221582000037,25.09641865326631
RandomForest,48842,multiprocessing,4,2465.530812600045,54141.93797199865,2469.806536266658,54239.44771633282,8.849285823076153,199.50136166567216,3,41.09218021000075,21.95954627510935
RandomForest,48842,joblib,2,3400.897804200009,84489.0937850017,6518.161617366674,112982.60073500076,5467.4998612011,49466.697542689995,3,56.681630070000146,24.843173376353786
RandomForest,48842,multiprocessing,2,3767.3677611999447,82802.06573000032,3740.458955699966,82192.50111600039,70.53921269667006,1555.2359335731405,3,62.78946268666574,21.97875837415645
RandomForest,48842,ray,2,5360.109675000014,94840.10889099842,6484.781272300005,101839.91857299911,2208.4503955307273,21809.112820156282,3,89.33516125000024,17.693688122342042
RandomForest,48842,threading,1,5893.8067615,134939.381996,6061.2273624,139132.02333666696,290.175523485833,7372.132637631846,3,98.23011269166666,22.89511472915297
RandomForest,48842,serial,2,5902.675666099996,132814.54195499927,5911.430780500018,132874.55909700002,16.766156955943348,249.27842046959475,3,98.37792776833327,22.50073516960694
RandomForest,48842,serial,4,5920.98506690003,133175.77456800328,5946.641306066653,132755.18668500052,47.287237114901714,780.0187527879025,3,98.68308444833383,22.492165250085375
RandomForest,48842,threading,8,6060.132470900004,133149.64125899808,8845.240534966666,159663.86732200088,4831.576311024932,46096.28415457414,3,101.0022078483334,21.971407704099864
RandomForest,48842,threading,4,6073.264005099998,133412.0832509972,7277.795512733331,144946.8819719992,2094.3531566117094,20079.87389063881,3,101.22106675166664,21.967114082141823
RandomForest,48842,multiprocessing,1,6091.659474199987,133769.08119400137,9042.436279233312,160972.84142766628,5165.884005023865,48338.67608748348,3,101.52765790333312,21.959382621525993
RandomForest,48842,serial,1,6513.709530599997,139648.7066279989,9767.650984266656,166400.67969533292,6172.310133768988,52655.562191129815,3,108.56182550999996,21.439197737012915
RandomForest,48842,ray,4,7718.864948800008,97809.72691199988,12965.198876900016,157251.61060766585,13712.017575802041,138593.37818590176,3,128.6477491466668,12.671516804709169
RandomForest,48842,serial,8,7875.358532499988,150385.18531800213,9825.505846333303,168499.23380966662,5043.809878801094,47323.90770648694,3,131.25597554166646,19.095662082861796
RandomForest,48842,ray,1,10425.194769399995,159429.89341199966,11789.187906466666,175342.04806766575,3583.4236226090306,37205.39715804968,3,173.7532461566666,15.292749626122848
RandomForest,48842,joblib,1,10721.7499027,184403.9693809997,11408.50295296667,184975.32702966649,3515.5845787323747,29004.453108580852,3,178.69583171166667,17.199055289898364
RandomForest,48842,threading,2,11445.6234818,213248.0114210008,10858.031877233334,192354.47105766667,4649.297941467057,51686.78301906081,3,190.76039136333333,18.631401929313185
XGBoost,1000,serial,1,0.2163835000246763,7.703255997469627,0.20606620000520096,7.786878999689297,0.019665925363920356,0.6332352493187277,3,0.003606391667077938,35.60001569708943
XGBoost,1000,serial,2,0.2320661999983713,6.277835001382293,0.21087673333628723,6.193169667421155,0.039074489492150484,0.3443146267140216,3,0.003867769999972855,27.051914502958002
XGBoost,1000,serial,4,0.2445455999695696,7.063953003426382,0.28349006664939225,7.67731766727342,0.0679021957150261,1.9568379043280486,3,0.004075759999492826,28.88603599617166
XGBoost,1000,joblib,1,0.2518774999771267,7.976768000428347,0.23947299999417734,7.700621666566032,0.07066616438598013,1.049711532410981,3,0.004197958332952112,31.669236041935967
XGBoost,1000,threading,1,0.2637919999542646,7.428476001525297,0.2532758333254605,7.142572667470102,0.08015760077409124,0.8172250510774532,3,0.004396533332571077,28.160353622601225
XGBoost,1000,serial,8,0.2647098999586887,7.025408999163096,0.27372163330437616,7.5918033342045605,0.02661525492045038,1.4166800829752804,3,0.004411831665978145,26.540031182284828
XGBoost,1000,threading,2,0.316547000024002,10.191800000922123,0.3095212333331195,10.03790000013433,0.04709911566377224,0.8496201497526423,3,0.0052757833337333665,32.19679858014556
XGBoost,1000,joblib,4,0.3226828999468125,9.00166099786076,1.4728339333087204,40.41567566665794,2.0196976881601696,54.65240008108656,3,0.005378048332446875,27.89630624785043
XGBoost,1000,joblib,2,0.3276227999594994,14.335980000714596,1.0913684333014924,32.15886366661548,1.3480267646839006,35.71949229384118,3,0.0054603799993249895,43.757577319059614
XGBoost,1000,threading,4,0.40714049997041,11.780310002922068,0.40821293332070735,11.355694666700943,0.01657648878059803,0.7486557527805557,3,0.006785674999506833,28.9342622602719
XGBoost,1000,joblib,8,0.4606004999950528,12.361231002251673,2.238964866652774,61.2360476661758,3.111852117839099,85.2899234493388,3,0.007676674999917547,26.837207085933343
XGBoost,1000,threading,8,0.64891789999092,17.700481000215706,0.6513911999839669,17.542816333626643,0.0053059960595623805,0.6218564525141181,3,0.010815298333182,27.27691900695509
XGBoost,1000,multiprocessing,1,2.799852600030136,76.6456119987352,2.826385566673707,75.79329099945977,0.11914522404914953,3.486171277911402,3,0.04666421000050226,27.37487394797506
XGBoost,1000,multiprocessing,2,3.230047199991532,96.49093500314204,3.226139199997609,96.32558300100486,0.15716224535719245,4.43210094971383,3,0.05383411999985887,29.87291795717258
XGBoost,1000,multiprocessing,4,4.5334096000297,126.5325749977786,4.517495833356709,126.75125066535232,0.040180233376869795,3.0796917202156795,3,0.07555682666716167,27.91112786211721
XGBoost,1000,ray,1,5.700255800038576,156.49459800161495,5.932403033327621,157.7594143324584,0.606108550249815,6.326158204195105,3,0.09500426333397627,27.453960574989612
XGBoost,1000,ray,2,5.735936999961268,169.04148799905212,5.94429166665456,172.84066533322218,0.686807826564843,9.09144620835486,3,0.09559894999935446,29.470597044596825
XGBoost,1000,multiprocessing,8,7.454797499987762,202.60754699992083,7.346657466667239,203.0907279997232,0.23648112881997685,8.700605722326989,3,0.12424662499979604,27.178142263455637
XGBoost,1000,ray,4,7.778539600025397,209.30509800057143,7.7476337333403835,207.67350233409783,0.06725975119333316,4.80601122187688,3,0.12964232666708994,26.908019855023692
XGBoost,1000,ray,8,10.869643499958327,287.5791400000508,10.75101106664321,283.1768369996199,0.3362369180702236,9.811884917084301,3,0.18116072499930544,26.45709033614151
XGBoost,10000,serial,8,2.1879432999994606,52.20152799902955,2.1872384999878705,52.16340699967237,0.07254826770468184,1.4515419803085101,3,0.03646572166665767,23.858720652880915
XGBoost,10000,serial,2,2.245922000030987,51.89950499921992,2.2338158000105373,52.25393933223632,0.024545294908306876,0.8994212934610044,3,0.037432033333849785,23.10832922893309
XGBoost,10000,serial,4,2.277785299927928,52.281286000432914,2.272896199952811,53.154085334838896,0.009458830131399662,1.5426415823075983,3,0.03796308833213213,22.952683908394334
XGBoost,10000,serial,1,2.337590800016187,55.96219899863808,2.3278351666328185,57.1724523329209,0.06971130730775511,3.7998692338444875,3,0.03895984666693645,23.94011774783275
XGBoost,10000,joblib,2,2.392617000034079,54.517586999414114,3.4322086666943505,75.35749066776009,1.8339332017273926,38.3484915350594,3,0.039876950000567984,22.78575593111543
XGBoost,10000,threading,1,2.407215900020674,53.36973799956457,2.4291435666770362,52.793685332197526,0.06541790371368097,1.711086860131924,3,0.04012026500034457,22.170731756593256
XGBoost,10000,joblib,1,2.4618599000386894,52.814770000209066,2.3798595333161456,51.67176600036072,0.17237060909888,2.6001686822337335,3,0.04103099833397816,21.4531988596829
XGBoost,10000,joblib,4,2.500603200052865,55.03127299895105,3.9494107000064105,86.48956666577057,2.6295148280369043,58.77403284204851,3,0.04167672000088108,22.007199302067455
XGBoost,10000,threading,2,2.530289499904029,55.40519900091301,2.521310233317005,55.573979666889706,0.06312043972756026,1.3766528249737433,3,0.04217149166506715,21.896782563028644
XGBoost,10000,threading,4,2.543227100046352,57.31549800149782,2.619273199971455,57.27934533383827,0.1448819700193384,2.964703326121583,3,0.04238711833410587,22.53652377345822
XGBoost,10000,joblib,8,2.5740185000468045,59.314265001209066,5.198113299983864,115.39108833480417,4.637484918315834,101.29369186970344,3,0.04290030833411341,23.043449376968553
XGBoost,10000,threading,8,2.925379900028929,64.7654700008049,2.956608633355548,65.64140466673861,0.059049076214248854,1.5573555297191835,3,0.048756331667148815,22.139165583302336
XGBoost,10000,multiprocessing,1,5.150286499992944,119.22321299906446,5.599460466648452,128.13899533374862,0.8339312948875656,17.937779444903132,3,0.08583810833321574,23.1488506511682
XGBoost,10000,multiprocessing,2,6.242771000019275,141.03440800017353,6.193160066652733,141.42059033401821,0.1682264628568524,4.495526195647423,3,0.10404618333365458,22.591635669438794
XGBoost,10000,multiprocessing,4,7.972697799908929,180.31134100016112,8.054275866636695,182.50569333273515,0.18120954555823066,5.463088255550123,3,0.1328782966651488,22.616101290358806
XGBoost,10000,ray,4,9.79262209997978,272.8675029996186,10.064771133319786,271.8547310004871,1.823924087312698,2.027095705701632,3,0.16321036833299635,27.864600534333086
XGBoost,10000,ray,8,9.915257800021209,349.0082699993735,10.347323433338394,356.71479033306633,1.081888112908283,32.127989159466495,3,0.16525429666702016,35.199112018915635
XGBoost,10000,ray,2,12.132431499999996,246.46708500069,11.251854099989885,289.17524666563804,1.8099002677982539,76.62405105620624,3,0.2022071916666666,20.314731222730586
XGBoost,10000,multiprocessing,8,12.33374889998231,272.02183300079065,12.22250919994743,270.50122300047445,0.20197805926931775,5.922093249630033,3,0.20556248166637184,22.055081160374588
XGBoost,10000,ray,1,12.340853900066575,241.67438899882487,11.80711806670297,242.04301733281582,1.095567008280335,12.4305905420189,3,0.20568089833444292,19.58327932214813
XGBoost,48842,threading,4,10.418450299999677,231.24144699950836,10.460318733336559,230.69543366682765,0.07579027544932536,2.0670490204813747,3,0.17364083833332794,22.195378423940415
XGBoost,48842,joblib,1,10.449651100003392,230.2851600019196,10.523303166672122,231.13276233290847,0.22436406467417275,4.6688228727006145,3,0.17416085166672318,22.037593197905416
XGBoost,48842,serial,2,10.4537224000087,230.4286360018004,10.603517033334356,233.19233899998792,0.2706841716044805,5.123486670286586,3,0.17422870666681167,22.04273532283664
XGBoost,48842,serial,8,10.504677099990658,229.73498400036263,10.468475433318721,230.31825999906278,0.07650685853678602,1.4050507477242142,3,0.17507795166651097,21.86978065233123
XGBoost,48842,threading,2,10.537842199992156,228.877320999743,10.532073499993809,229.3118933325289,0.019281890833198888,1.58385282705277,3,0.1756307033332026,21.71956237871102
XGBoost,48842,joblib,8,10.552515899995342,235.21528900296573,12.715852866667168,280.00782433421637,3.7587343387990213,82.89014876414461,3,0.17587526499992237,22.28997247974481
XGBoost,48842,serial,1,10.57316259999061,233.42081799997416,10.57320353332519,233.4768220003447,0.043480214445386654,2.025518759493308,3,0.17621937666651016,22.076726409199594
XGBoost,48842,serial,4,10.602779600012582,231.00881600104373,10.53195883333683,230.36560400058192,0.23178586383423852,3.201137335381002,3,0.17671299333354304,21.78757125167155
XGBoost,48842,threading,8,10.685149199998705,234.93534400058635,10.682277233330145,235.03187266538103,0.005900927955964134,0.6023154378935534,3,0.1780858199999784,21.987090643583603
XGBoost,48842,joblib,2,10.685270199988736,237.7178080005926,11.623499666660791,255.0932860001964,1.6281365498259959,34.81172589076413,3,0.17808783666647893,22.24724349982682
XGBoost,48842,threading,1,10.801544200017815,236.15355400146143,10.658033433341188,234.1831080006962,0.3453672203494516,5.655928627332406,3,0.1800257366669636,21.862943818817307
XGBoost,48842,joblib,4,10.825262199999996,236.03489299963695,11.95966236666815,262.2050823328337,2.2400481784159445,51.2907880493124,3,0.1804210366666666,21.804080920981022
XGBoost,48842,multiprocessing,1,13.422291199996836,294.60007999801974,13.651089566662753,299.13032200115094,0.6458047887051744,10.566090652339534,3,0.2237048533332806,21.948568661518024
XGBoost,48842,multiprocessing,2,14.012448599998606,305.8564390005181,13.965881666653635,306.5250086660143,0.1776386721984495,3.560892153541549,3,0.23354080999997678,21.827479816807216
XGBoost,48842,multiprocessing,4,15.443868800008204,340.70122300349226,15.576022933334267,343.7031236667387,0.32355888676499495,6.449947893317583,3,0.25739781333347006,22.060613659403224
XGBoost,48842,multiprocessing,8,18.75030960000004,412.1189449989515,18.817217833323713,412.7797816659395,0.14232243257617705,2.126753912645878,3,0.31250516000000067,21.97931414417555
XGBoost,48842,ray,4,19.70448809998925,434.4044659995383,19.724020733323414,436.03589333223164,0.3066921038405805,10.038842402206754,3,0.3284081349998208,22.045965558464587
XGBoost,48842,ray,8,22.568754899984924,498.6019840019118,22.62374380000013,498.2820880007566,0.18395011176064674,5.572087274453135,3,0.37614591499974875,22.092578266346667
XGBoost,48842,ray,2,24.17076159999124,533.6182930006928,24.394595866663924,536.845395000718,2.756766037863308,59.78107276725472,3,0.4028460266665207,22.077016100348537
XGBoost,48842,ray,1,31.670623100013472,706.7022669987821,31.710301233339123,697.4609506655405,1.2405229058321319,31.555086788071097,3,0.5278437183335579,22.314125767815458
